bun install v1.4.1-canary.1 (bee9b75c6)
Enqueue package manifest for download: @effect/language-service
Enqueue package manifest for download: @effect/tsgo
Enqueue package manifest for download: @types/bun
Enqueue package manifest for download: oxfmt
Enqueue package manifest for download: oxlint
Enqueue package manifest for download: oxlint-tsgolint
Enqueue package manifest for download: typescript
Enqueue package manifest for download: @effect/experimental
Enqueue package manifest for download: effect
Resolving dependencies
 HTTP/1.1 GET https://registry.npmjs.org/@effect%2ftsgo
 Accept: application/vnd.npm.install-v1+json; q=1.0, application/json; q=0.8, */*
 Connection: keep-alive
 User-Agent: Bun/1.4.1
 Host: registry.npmjs.org
 Accept-Encoding: gzip, deflate, br, zstd
 HTTP/1.1 GET https://registry.npmjs.org/@effect%2flanguage-service
 Accept: application/vnd.npm.install-v1+json; q=1.0, application/json; q=0.8, */*
 Connection: keep-alive
 User-Agent: Bun/1.4.1
 Host: registry.npmjs.org
 Accept-Encoding: gzip, deflate, br, zstd
 HTTP/1.1 GET https://registry.npmjs.org/@effect%2fexperimental
 Accept: application/vnd.npm.install-v1+json; q=1.0, application/json; q=0.8, */*
 Connection: keep-alive
 User-Agent: Bun/1.4.1
 Host: registry.npmjs.org
 Accept-Encoding: gzip, deflate, br, zstd
 HTTP/1.1 GET https://registry.npmjs.org/effect
 Accept: application/vnd.npm.install-v1+json; q=1.0, application/json; q=0.8, */*
 Connection: keep-alive
 User-Agent: Bun/1.4.1
 Host: registry.npmjs.org
 Accept-Encoding: gzip, deflate, br, zstd
 HTTP/1.1 GET https://registry.npmjs.org/oxfmt
 Accept: application/vnd.npm.install-v1+json; q=1.0, application/json; q=0.8, */*
 Connection: keep-alive
 User-Agent: Bun/1.4.1
 Host: registry.npmjs.org
 Accept-Encoding: gzip, deflate, br, zstd
 HTTP/1.1 GET https://registry.npmjs.org/oxlint-tsgolint
 Accept: application/vnd.npm.install-v1+json; q=1.0, application/json; q=0.8, */*
 Connection: keep-alive
 User-Agent: Bun/1.4.1
 Host: registry.npmjs.org
 Accept-Encoding: gzip, deflate, br, zstd
 HTTP/1.1 GET https://registry.npmjs.org/typescript
 Accept: application/vnd.npm.install-v1+json; q=1.0, application/json; q=0.8, */*
 Connection: keep-alive
 User-Agent: Bun/1.4.1
 Host: registry.npmjs.org
 Accept-Encoding: gzip, deflate, br, zstd
 HTTP/1.1 GET https://registry.npmjs.org/oxlint
 Accept: application/vnd.npm.install-v1+json; q=1.0, application/json; q=0.8, */*
 Connection: keep-alive
 User-Agent: Bun/1.4.1
 Host: registry.npmjs.org
 Accept-Encoding: gzip, deflate, br, zstd
 HTTP/1.1 GET https://registry.npmjs.org/@types%2fbun
 Accept: application/vnd.npm.install-v1+json; q=1.0, application/json; q=0.8, */*
 Connection: keep-alive
 User-Agent: Bun/1.4.1
 Host: registry.npmjs.org
 Accept-Encoding: gzip, deflate, br, zstd
< 200 OK
< Date: Sat, 22 Aug 2026 13:39:05 GMT
< Content-Type: application/vnd.npm.install-v1+json
< Transfer-Encoding: chunked
< Connection: keep-alive
< set-cookie: __cf_bm=utxVIeZ_GuXLujGDVOMRHv.BSJ2Cn5tAIl4_ziS.eCA-1787405945.466735-1.0.1.1-V0fV4Y3V1rGWmWgQbAu_k6mT1b4MqRalo_yaK_VS3.3WP2zfX3rNdC8cJ0xrJeZY9XH5kNYvlyWr.HCDS69KHZf6p.L648S1m1oo4MWkq4hlLsn1LqvapSFdgZVEvNUy; HttpOnly; SameSite=None; Secure; Path=/; Domain=npmjs.org; Expires=Sat, 22 Aug 2026 14:09:05 GMT
< set-cookie: _cfuvid=PHOW2cmciyJZMg_JUHycTL3ZKEMDYqmsWr2TVrvB0TE-1787405945.466735-1.0.1.1-uxZqc5xoB51uCJ_EUDC6yjMi9Xil9MT6FhCfXUlPg6U; HttpOnly; SameSite=None; Secure; Path=/; Domain=npmjs.org
< CF-Ray: a2f248172fa87095-EWR
< CF-Cache-Status: HIT
< Access-Control-Allow-Origin: *
< Age: 199
< Cache-Control: public, max-age=300
< Vary: accept-encoding, accept
< Last-Modified: Tue, 18 Aug 2026 15:12:38 GMT
< Server: cloudflare
< ETag: W/"79b00319fdab72bbfa22516cd23b7ebd"
< Content-Encoding: br

< 200 OK
< Date: Sat, 22 Aug 2026 13:39:05 GMT
< Content-Type: application/vnd.npm.install-v1+json
< Transfer-Encoding: chunked
< Connection: keep-alive
< set-cookie: __cf_bm=lBeBevoI3Io8LtbeRGXby4NobCODuelkCFMrNqyvPsY-1787405945.465899-1.0.1.1-uJJT6k9USHsMBqEqZ3h.X63919MowAF42YuEzyUYgyogAAHitKVHyc8zFv27HeK68b7RWfh95Y3bS3KhnOWJoQVADzJ5DxD7kbM4sKjX9DAMKCg9Hzi9OVGa0jCC_Bw2; HttpOnly; SameSite=None; Secure; Path=/; Domain=npmjs.org; Expires=Sat, 22 Aug 2026 14:09:05 GMT
< set-cookie: _cfuvid=0GCy3C2jJmbGCrXkkAwYsSJTTdnCxeoTugBHsD0C10k-1787405945.465899-1.0.1.1-LlX7uaWoXqL__ILrobaR8kV8Kmx3VQnlAW7VXS.y9s8; HttpOnly; SameSite=None; Secure; Path=/; Domain=npmjs.org
< CF-Ray: a2f248172f423788-EWR
< CF-Cache-Status: HIT
< Access-Control-Allow-Origin: *
< Age: 183
< Cache-Control: public, max-age=300
< Vary: accept-encoding, accept
< Last-Modified: Thu, 20 Aug 2026 04:49:03 GMT
< Server: cloudflare
< ETag: W/"abe891aa98de1b47d6e078e996d0b0cc"
< Content-Encoding: br

< 200 OK
< Date: Sat, 22 Aug 2026 13:39:05 GMT
< Content-Type: application/vnd.npm.install-v1+json
< Transfer-Encoding: chunked
< Connection: keep-alive
< set-cookie: __cf_bm=2uhWxf66TeqS4EhvbT7cxCxi6lX8J5_q1bLkNG_iwug-1787405945.4670432-1.0.1.1-A4iFOxiOziYfBXTYQ.bGHsaCG75HlThwkjOwdjy_XJdZ6wUv_mA95okYHWcIjNWO0bgHuR0vwFHewAvxEfNeQUEdQUGkhv6.z7jznN0clLjvSnzXeEXZdCbG0P2JNex0; HttpOnly; SameSite=None; Secure; Path=/; Domain=npmjs.org; Expires=Sat, 22 Aug 2026 14:09:05 GMT
< set-cookie: _cfuvid=JNBfVvhZPNMQiUYI0SPrWTwF5wqitM6rtcHCVVNtAFs-1787405945.4670432-1.0.1.1-uonOHCDN4ZQfgk4LCWonNgo68NfHOo.0iPI1PlfnHsA; HttpOnly; SameSite=None; Secure; Path=/; Domain=npmjs.org
< CF-Ray: a2f24817281c2067-EWR
< CF-Cache-Status: HIT
< Access-Control-Allow-Origin: *
< Age: 235
< Cache-Control: public, max-age=300
< Vary: accept-encoding, accept
< Last-Modified: Tue, 21 Jul 2026 14:33:14 GMT
< Server: cloudflare
< ETag: W/"d4e95199c9b2ec34699c713d025a64b7"
< Content-Encoding: br

< 200 OK
< Date: Sat, 22 Aug 2026 13:39:05 GMT
< Content-Type: application/vnd.npm.install-v1+json
< Transfer-Encoding: chunked
< Connection: keep-alive
< set-cookie: __cf_bm=xzBFQoU7aPztA6gXHigN6nqNJhIv3HwSvB2ZaitlbmU-1787405945.2912989-1.0.1.1-JY_aLOl10OFJosV.dqIRtCZr7rK_v9PAml1hDD5I7XD1hty4EDMa8_zTuM3QRsE97kcRm_pev_ye1_359j19xnKx8giCYwJozPAZ0T1kug4XX8uOJ4sQXGXWqLJNMvsj; HttpOnly; SameSite=None; Secure; Path=/; Domain=npmjs.org; Expires=Sat, 22 Aug 2026 14:09:05 GMT
< set-cookie: _cfuvid=PY226ktcf9P6kF_yGrQ67GhXZrXnkrsGBDEklfFW70g-1787405945.2912989-1.0.1.1-io78_crCbLuAXlPpAszpoBSv72SLhOT3c603vchSoWc; HttpOnly; SameSite=None; Secure; Path=/; Domain=npmjs.org
< CF-Ray: a2f248161b037039-EWR
< CF-Cache-Status: HIT
< Access-Control-Allow-Origin: *
< Cache-Control: public, max-age=300
< Vary: accept-encoding, accept
< Last-Modified: Sat, 15 Aug 2026 10:19:48 GMT
< Server: cloudflare
< ETag: W/"1fda4aeeaf6ae0e7373a99fe8635e5f2"
< Content-Encoding: br

    [1.86s]
Downloaded oxfmt versions
[PackageManager] waiting for 9 tasks
    [1.86s]
Downloaded oxlint-tsgolint versions
[PackageManager] waiting for 9 tasks
   - "oxlint-tsgolint": "7.0.2001" - oxlint-tsgolint@7.0.2001
   - "oxfmt": "latest" - oxfmt@0.64.0
Enqueue package manifest for download: @oxlint-tsgolint/win32-x64
Enqueue package manifest for download: @oxlint-tsgolint/win32-arm64
Enqueue package manifest for download: @oxlint-tsgolint/linux-x64
Enqueue package manifest for download: @oxlint-tsgolint/linux-arm64
Enqueue package manifest for download: @oxlint-tsgolint/darwin-x64
Enqueue package manifest for download: @oxlint-tsgolint/darwin-arm64
Enqueue package manifest for download: tinypool
Enqueue package manifest for download: @oxfmt/binding-darwin-x64
Enqueue package manifest for download: @oxfmt/binding-freebsd-x64
Enqueue package manifest for download: @oxfmt/binding-darwin-arm64
Enqueue package manifest for download: @oxfmt/binding-android-arm64
Enqueue package manifest for download: @oxfmt/binding-linux-x64-gnu
Enqueue package manifest for download: @oxfmt/binding-linux-x64-musl
Enqueue package manifest for download: @oxfmt/binding-win32-x64-msvc
Enqueue package manifest for download: @oxfmt/binding-linux-arm64-gnu
Enqueue package manifest for download: @oxfmt/binding-linux-ppc64-gnu
Enqueue package manifest for download: @oxfmt/binding-linux-s390x-gnu
Enqueue package manifest for download: @oxfmt/binding-win32-ia32-msvc
Enqueue package manifest for download: @oxfmt/binding-android-arm-eabi
Enqueue package manifest for download: @oxfmt/binding-linux-arm64-musl
Enqueue package manifest for download: @oxfmt/binding-win32-arm64-msvc
Enqueue package manifest for download: @oxfmt/binding-linux-riscv64-gnu
Enqueue package manifest for download: @oxfmt/binding-openharmony-arm64
Enqueue package manifest for download: @oxfmt/binding-linux-riscv64-musl
Enqueue package manifest for download: @oxfmt/binding-linux-arm-gnueabihf
Enqueue package manifest for download: @oxfmt/binding-linux-arm-musleabihf
 HTTP/1.1 GET https://registry.npmjs.org/@oxlint-tsgolint%2fwin32-x64
 Accept: application/vnd.npm.install-v1+json; q=1.0, application/json; q=0.8, */*
 Connection: keep-alive
 User-Agent: Bun/1.4.1
 Host: registry.npmjs.org
 Accept-Encoding: gzip, deflate, br, zstd
 HTTP/1.1 GET https://registry.npmjs.org/@oxlint-tsgolint%2fwin32-arm64
 Accept: application/vnd.npm.install-v1+json; q=1.0, application/json; q=0.8, */*
 Connection: keep-alive
 User-Agent: Bun/1.4.1
 Host: registry.npmjs.org
 Accept-Encoding: gzip, deflate, br, zstd
< 200 OK
< Date: Sat, 22 Aug 2026 13:39:05 GMT
< Content-Type: application/vnd.npm.install-v1+json
< Transfer-Encoding: chunked
< Connection: keep-alive
< set-cookie: __cf_bm=v1DI2Gg234QNnfUR9mY9muH7WgpccyxBqW7_KPRaR0I-1787405945.4265928-1.0.1.1-mBPakaenqfZQai0fwYMByst_pLD.kdLaqXzxKyy0f0Ya9Jzla1TAu_Azgt1rzFWm1Kn4u4W.7vUXa84EpjSyY_7hKMl1tvJNAjOftwX4oio15gpGDtELFErIspEZsirC; HttpOnly; SameSite=None; Secure; Path=/; Domain=npmjs.org; Expires=Sat, 22 Aug 2026 14:09:05 GMT
< set-cookie: _cfuvid=gTCXKE31lXdhChmVPcG7B_zS5ktWPGrkaYHIdFKHtY8-1787405945.4265928-1.0.1.1-HyTDE7Ys3Mxx7nSlANLE6r3tnFfFoaUW0EijBlly2FI; HttpOnly; SameSite=None; Secure; Path=/; Domain=npmjs.org
< CF-Ray: a2f24816ee8f8c05-EWR
< CF-Cache-Status: HIT
< Access-Control-Allow-Origin: *
< Cache-Control: public, max-age=300
< Vary: accept-encoding, accept
< Last-Modified: Thu, 30 Jul 2026 04:29:12 GMT
< Server: cloudflare
< ETag: W/"853140510d9e5b27688a31ce38b93b05"
< Content-Encoding: br

< 200 OK
< Date: Sat, 22 Aug 2026 13:39:05 GMT
< Content-Type: application/vnd.npm.install-v1+json
< Transfer-Encoding: chunked
< Connection: keep-alive
< set-cookie: __cf_bm=UsQB2U8DP7ZnD.RhMfZ8NYKyfat3JtU5ZftfyC6xoq0-1787405945.4262218-1.0.1.1-kI_lcPgJBJahpnR24Fklxoz4Tq4ICm8deMBPUihr_W.6CKFvD_Ny7xnkxhcZlXNr9dXi3T2txuRyShr0HiCxo3EvC_EyrsX_.7vD_fAVTgiAZDXRnD8yMvgXzlTr_xo7; HttpOnly; SameSite=None; Secure; Path=/; Domain=npmjs.org; Expires=Sat, 22 Aug 2026 14:09:05 GMT
< set-cookie: _cfuvid=iyyvb0y35ZZPCUKV95l6k607FxgmLKdcZ0nN4NPpbVs-1787405945.4262218-1.0.1.1-ukLsEAwmOGRCDTNoVPSJK_se5pK7ctJAt7A6WDlRJqY; HttpOnly; SameSite=None; Secure; Path=/; Domain=npmjs.org
< CF-Ray: a2f24816ed7f1c3f-EWR
< CF-Cache-Status: HIT
< Access-Control-Allow-Origin: *
< Cache-Control: public, max-age=300
< Vary: accept-encoding, accept
< Last-Modified: Fri, 07 Aug 2026 08:27:34 GMT
< Server: cloudflare
< ETag: W/"655f4eb6247d9c8dbb518803a416ea80"
< Content-Encoding: br

< 200 OK
< Date: Sat, 22 Aug 2026 13:39:05 GMT
< Content-Type: application/vnd.npm.install-v1+json
< Transfer-Encoding: chunked
< Connection: keep-alive
< set-cookie: __cf_bm=aosqwRi7rpL99Wyt91YqL7H1_0ymawt3fjE_A3lww.4-1787405945.6724746-1.0.1.1-vwL8ykcrTdHFc5YQKhhMNJxZE1TwidhHRCmc0c9myhxF5Cg9WnuDpbpnS.rmq9.GIEelWOn3.1t5UdauKg1zsF14WAYQbDS9nccGF5zo7GJj6w7JBRImqsabuqTdDNVv; HttpOnly; SameSite=None; Secure; Path=/; Domain=npmjs.org; Expires=Sat, 22 Aug 2026 14:09:05 GMT
< set-cookie: _cfuvid=8VP0qxxVbQZmnflHc2k58k1iVtJrUYA7cnbRB51ZCKM-1787405945.6724746-1.0.1.1-IrHH2qyLKuiEa5eXguWcJEOzwqH4vrFAFM1rwG_vmlk; HttpOnly; SameSite=None; Secure; Path=/; Domain=npmjs.org
< CF-Ray: a2f248187863c328-EWR
< CF-Cache-Status: HIT
< Access-Control-Allow-Origin: *
< Age: 50
< Cache-Control: public, max-age=300
< Vary: accept-encoding, accept
< Last-Modified: Tue, 18 Aug 2026 15:10:41 GMT
< Server: cloudflare
< ETag: W/"6e3e642c492fb9a26a0a853ae4ce6b0f"
< Content-Encoding: br

[PackageManager] waiting for 35 tasks
    [2.05s]
Downloaded @effect/tsgo versions
[PackageManager] waiting for 35 tasks
   - "@effect/tsgo": "latest" - @effect/tsgo@0.36.5
Enqueue package manifest for download: @effect/tsgo-win32-x64
Enqueue package manifest for download: @effect/tsgo-win32-arm64
Enqueue package manifest for download: @effect/tsgo-linux-x64
Enqueue package manifest for download: @effect/tsgo-linux-arm64
Enqueue package manifest for download: @effect/tsgo-linux-arm
Enqueue package manifest for download: @effect/tsgo-darwin-x64
Enqueue package manifest for download: @effect/tsgo-darwin-arm64
 HTTP/1.1 GET https://registry.npmjs.org/@effect%2ftsgo-win32-x64
 Accept: application/vnd.npm.install-v1+json; q=1.0, application/json; q=0.8, */*
 Connection: keep-alive
 User-Agent: Bun/1.4.1
 Host: registry.npmjs.org
 Accept-Encoding: gzip, deflate, br, zstd
< 200 OK
< Date: Sat, 22 Aug 2026 13:39:05 GMT
< Content-Type: application/vnd.npm.install-v1+json
< Transfer-Encoding: chunked
< Connection: keep-alive
< set-cookie: __cf_bm=bW5gBjBXiiejhog12M3zduE3Y2khIEeS1NLFTgJJ7a8-1787405945.671113-1.0.1.1-RNoa9y6aaSc39lBR.Ek_U4P0gxfevKKDkopBupJgdxToIUDObWHKSu36xdnY_K30jaM2_LZK6M68DXL4pszY9vaAgBvqc74i9V8ePc8Ns.o4iG_YexsVM5Qy.qpq14PP; HttpOnly; SameSite=None; Secure; Path=/; Domain=npmjs.org; Expires=Sat, 22 Aug 2026 14:09:05 GMT
< set-cookie: _cfuvid=L2j2kMOCZ4mjv7l0AMXhvLcO1l3JZfwniOk4tvKR_Uk-1787405945.671113-1.0.1.1-7LRoW69IVBO7V2euFlwsD3o0T.Okpt0wY7iMEuh7b7A; HttpOnly; SameSite=None; Secure; Path=/; Domain=npmjs.org
< CF-Ray: a2f24818794c433d-EWR
< CF-Cache-Status: HIT
< Access-Control-Allow-Origin: *
< Age: 108
< Cache-Control: public, max-age=300
< Vary: accept-encoding, accept
< Last-Modified: Sat, 22 Aug 2026 08:32:01 GMT
< Server: cloudflare
< ETag: W/"4b87b7c6858bc1856109810721c4450b"
< Content-Encoding: br

< 200 OK
< Date: Sat, 22 Aug 2026 13:39:05 GMT
< Content-Type: application/vnd.npm.install-v1+json
< Transfer-Encoding: chunked
< Connection: keep-alive
< set-cookie: __cf_bm=wdb4rOGFAtwBOwfFs1vX8.NrVWrFhmdn1pYS4ozdpU8-1787405945.7070708-1.0.1.1-QthDZgdKxzkeakc4HpBLiievU_yh2YJG._rgJ8yRSLQzMCEDCzVPVsNz.XGUKSLS2CuMRXzWQ3EtZNCSduMiC9CmN7WzdKlVAetEqy3Z7AR0oAa0E3.OeaxvSBIR6TQL; HttpOnly; SameSite=None; Secure; Path=/; Domain=npmjs.org; Expires=Sat, 22 Aug 2026 14:09:05 GMT
< set-cookie: _cfuvid=k.glHOqt3DkErbzIQdfu0rqn0I6v0ZBsu9BXKFtWx.E-1787405945.7070708-1.0.1.1-OPmFVC6PzZzRa2gMtfp98dIjN7WWUZdLe3OwEV0Ogzg; HttpOnly; SameSite=None; Secure; Path=/; Domain=npmjs.org
< CF-Ray: a2f24818ae763d85-EWR
< CF-Cache-Status: HIT
< Access-Control-Allow-Origin: *
< Age: 295
< Cache-Control: public, max-age=300
< Vary: accept-encoding, accept
< Last-Modified: Thu, 20 Aug 2026 19:46:34 GMT
< Server: cloudflare
< ETag: W/"7fa6d9e4b716b1ab9ca9cb8568101d21"
< Content-Encoding: br

[PackageManager] waiting for 42 tasks
    [2.20s]
Downloaded @types/bun versions
[PackageManager] waiting for 42 tasks
   - "@types/bun": "latest" - @types/bun@1.4.0
Enqueue package manifest for download: bun-types
 HTTP/1.1 GET https://registry.npmjs.org/bun-types
 Accept: application/vnd.npm.install-v1+json; q=1.0, application/json; q=0.8, */*
 Connection: keep-alive
 User-Agent: Bun/1.4.1
 Host: registry.npmjs.org
 Accept-Encoding: gzip, deflate, br, zstd
< 200 OK
< Date: Sat, 22 Aug 2026 13:39:05 GMT
< Content-Type: application/vnd.npm.install-v1+json
< Transfer-Encoding: chunked
< Connection: keep-alive
< set-cookie: __cf_bm=uNnuf4fYPRxyfugSFrLIxo_MxQk09vD27rh4ZImu_fc-1787405945.8490522-1.0.1.1-eEQEzlIlUj0tHwIf4HNbv2RtaDtl8dmB18w3s_0HUuxHUVS7btGdZ6OzpJKupuL0QlJ3ml8z.0FR03kyQfxRB9w63aoyruG.w288m8.hJLH4MbBPjARSNmQb4B_KUNXB; HttpOnly; SameSite=None; Secure; Path=/; Domain=npmjs.org; Expires=Sat, 22 Aug 2026 14:09:05 GMT
< set-cookie: _cfuvid=p9GIwJdOO1q15u3ytbq2GcSVvJFpRVsNWCf.UIVq08o-1787405945.8490522-1.0.1.1-B3eu2.iOFvisK.JRxTbTMehSgsYi0jdcC3MF5r9vl2w; HttpOnly; SameSite=None; Secure; Path=/; Domain=npmjs.org
< CF-Ray: a2f248198e2e7095-EWR
< CF-Cache-Status: HIT
< Access-Control-Allow-Origin: *
< Age: 254
< Cache-Control: public, max-age=300
< Vary: accept-encoding, accept
< Last-Modified: Tue, 21 Jul 2026 14:33:48 GMT
< Server: cloudflare
< ETag: W/"332e6464180957e0eccf762632b340f0"
< Content-Encoding: br

< 200 OK
< Date: Sat, 22 Aug 2026 13:39:06 GMT
< Content-Type: application/vnd.npm.install-v1+json
< Transfer-Encoding: chunked
< Connection: keep-alive
< set-cookie: __cf_bm=wgE5p1XfNjtr_X.jb2EXSVYMAkNtY3auZIPQhkEN5cE-1787405945.8490725-1.0.1.1-YfKpPeqRHqP67w4.uMyEf147HmkVkgxbfWiXL9AkjGo50Dwo7MsH7n1cYNtOsIcGlblUk8Il0TTM3n.ODdZGVLWN7DwxlU0zcWiPnnbJCHSx3U_RF13NZMtBjdVrsr6w; HttpOnly; SameSite=None; Secure; Path=/; Domain=npmjs.org; Expires=Sat, 22 Aug 2026 14:09:06 GMT
< set-cookie: _cfuvid=_E2b7QAF17b5qgxpWXMpWmYWOQ.He3cVTzt3jhYha5c-1787405945.8490725-1.0.1.1-BApiznFcwOXr.fTutSnM4tXKV_SJyUprl4sU0jZc7Xk; HttpOnly; SameSite=None; Secure; Path=/; Domain=npmjs.org
< CF-Ray: a2f248198db02067-EWR
< CF-Cache-Status: HIT
< Access-Control-Allow-Origin: *
< Cache-Control: public, max-age=300
< Vary: accept-encoding, accept
< Last-Modified: Tue, 21 Jul 2026 14:33:42 GMT
< Server: cloudflare
< ETag: W/"344a19b4a80f18103a91ca6bab3820ef"
< Content-Encoding: br

[PackageManager] waiting for 43 tasks
    [688.05ms]
Downloaded @oxlint-tsgolint/win32-x64 versions
[PackageManager] waiting for 43 tasks
   - "@oxlint-tsgolint/win32-x64": "7.0.2001" - @oxlint-tsgolint/win32-x64@7.0.2001
[PackageManager] waiting for 42 tasks
    [735.26ms]
Downloaded @oxlint-tsgolint/win32-arm64 versions
< 200 OK
< Date: Sat, 22 Aug 2026 13:39:06 GMT
< Content-Type: application/vnd.npm.install-v1+json
< Transfer-Encoding: chunked
< Connection: keep-alive
< set-cookie: __cf_bm=4qV5kDZX2OhDz3LlbbXH4yxIBepo8LkimzywBZ6Em1c-1787405946.050905-1.0.1.1-GugiR0Ie_.L3yZFQ1HHoVkUYy02wEgn2oB2tAyKxqDucGgExu8qpd011KA2wBN59_Zw8DxN47W5JlZBP7MRgXElHYDOFfjXFU_HNYU0Ua5ghvq0tHIlsSWf80.3IuwZR; HttpOnly; SameSite=None; Secure; Path=/; Domain=npmjs.org; Expires=Sat, 22 Aug 2026 14:09:06 GMT
< set-cookie: _cfuvid=dvhBV6mAlyZPYYlqjpP4Mw_Vg6TWDMYOHykoyQUvDKw-1787405946.050905-1.0.1.1-hiKpvi.4ys5ySw.OtqflzR090F3MWlb8txSZt3Ek6BU; HttpOnly; SameSite=None; Secure; Path=/; Domain=npmjs.org
< CF-Ray: a2f2481adfdc7039-EWR
< CF-Cache-Status: HIT
< Access-Control-Allow-Origin: *
< Age: 258
< Cache-Control: public, max-age=300
< Vary: accept-encoding, accept
< Last-Modified: Sat, 15 Aug 2026 10:19:43 GMT
< Server: cloudflare
< ETag: W/"6e2449d3d2868a0aea9c710b35f41e4f"
< Content-Encoding: br

[PackageManager] waiting for 42 tasks
   - "@oxlint-tsgolint/win32-arm64": "7.0.2001" - @oxlint-tsgolint/win32-arm64@7.0.2001
[PackageManager] waiting for 41 tasks
    [2.66s]
Downloaded oxlint versions
[PackageManager] waiting for 41 tasks
   - "oxlint": "1.78.0" - oxlint@1.78.0
Enqueue package manifest for download: @oxlint/binding-darwin-x64
Enqueue package manifest for download: @oxlint/binding-freebsd-x64
Enqueue package manifest for download: @oxlint/binding-darwin-arm64
Enqueue package manifest for download: @oxlint/binding-android-arm64
Enqueue package manifest for download: @oxlint/binding-linux-x64-gnu
Enqueue package manifest for download: @oxlint/binding-linux-x64-musl
Enqueue package manifest for download: @oxlint/binding-win32-x64-msvc
Enqueue package manifest for download: @oxlint/binding-linux-arm64-gnu
Enqueue package manifest for download: @oxlint/binding-linux-ppc64-gnu
Enqueue package manifest for download: @oxlint/binding-linux-s390x-gnu
Enqueue package manifest for download: @oxlint/binding-win32-ia32-msvc
Enqueue package manifest for download: @oxlint/binding-android-arm-eabi
Enqueue package manifest for download: @oxlint/binding-linux-arm64-musl
Enqueue package manifest for download: @oxlint/binding-win32-arm64-msvc
Enqueue package manifest for download: @oxlint/binding-linux-riscv64-gnu
Enqueue package manifest for download: @oxlint/binding-openharmony-arm64
Enqueue package manifest for download: @oxlint/binding-linux-riscv64-musl
Enqueue package manifest for download: @oxlint/binding-linux-arm-gnueabihf
Enqueue package manifest for download: @oxlint/binding-linux-arm-musleabihf
 HTTP/1.1 GET https://registry.npmjs.org/@oxlint%2fbinding-darwin-x64
 Accept: application/vnd.npm.install-v1+json; q=1.0, application/json; q=0.8, */*
 Connection: keep-alive
 User-Agent: Bun/1.4.1
 Host: registry.npmjs.org
 Accept-Encoding: gzip, deflate, br, zstd
 HTTP/1.1 GET https://registry.npmjs.org/@oxlint%2fbinding-freebsd-x64
 Accept: application/vnd.npm.install-v1+json; q=1.0, application/json; q=0.8, */*
 Connection: keep-alive
 User-Agent: Bun/1.4.1
 Host: registry.npmjs.org
 Accept-Encoding: gzip, deflate, br, zstd
 HTTP/1.1 GET https://registry.npmjs.org/@oxlint%2fbinding-darwin-arm64
 Accept: application/vnd.npm.install-v1+json; q=1.0, application/json; q=0.8, */*
 Connection: keep-alive
 User-Agent: Bun/1.4.1
 Host: registry.npmjs.org
 Accept-Encoding: gzip, deflate, br, zstd
[PackageManager] waiting for 60 tasks
    [2.74s]
Downloaded effect versions
[PackageManager] waiting for 60 tasks
   - "effect": "rc" - effect@4.0.0-rc.111
Enqueue package manifest for download: msgpackr
Enqueue package manifest for download: fast-check
Enqueue package manifest for download: @standard-schema/spec
 HTTP/1.1 GET https://registry.npmjs.org/oxfmt/-/oxfmt-0.64.0.tgz
 Connection: keep-alive
 User-Agent: Bun/1.4.1
 Accept: */*
 Host: registry.npmjs.org
 Accept-Encoding: gzip, deflate, br, zstd
[PackageManager] waiting for 63 tasks
    [687.81ms]
Downloaded @effect/tsgo-win32-x64 versions
[PackageManager] waiting for 63 tasks
    [2.75s]
Downloaded @effect/language-service versions
   - "@effect/tsgo-win32-x64": "0.36.5" - @effect/tsgo-win32-x64@0.36.5
 HTTP/1.1 GET https://registry.npmjs.org/msgpackr
 Accept: application/vnd.npm.install-v1+json; q=1.0, application/json; q=0.8, */*
 Connection: keep-alive
 User-Agent: Bun/1.4.1
 Host: registry.npmjs.org
 Accept-Encoding: gzip, deflate, br, zstd
 HTTP/1.1 GET https://registry.npmjs.org/fast-check
 Accept: application/vnd.npm.install-v1+json; q=1.0, application/json; q=0.8, */*
 Connection: keep-alive
 User-Agent: Bun/1.4.1
 Host: registry.npmjs.org
 Accept-Encoding: gzip, deflate, br, zstd
[PackageManager] waiting for 62 tasks
 HTTP/1.1 GET https://registry.npmjs.org/@standard-schema%2fspec
 Accept: application/vnd.npm.install-v1+json; q=1.0, application/json; q=0.8, */*
 Connection: keep-alive
 User-Agent: Bun/1.4.1
 Host: registry.npmjs.org
 Accept-Encoding: gzip, deflate, br, zstd
[PackageManager] waiting for 62 tasks
   - "@effect/language-service": "latest" - @effect/language-service@0.87.2
< 200 OK
< Date: Sat, 22 Aug 2026 13:39:06 GMT
< Content-Type: application/vnd.npm.install-v1+json
< Transfer-Encoding: chunked
< Connection: keep-alive
< set-cookie: __cf_bm=WlfFfgAMdA2XMU8AtDDommdM_brd6EHDjrmnj4HBcAc-1787405946.17745-1.0.1.1-azWABUsQOFMqj6wyO1zjTbqS1SvO2K8jlxWhKk7WCMXBE1uAThDU3MzN44k0Y1TR8KuGMo.u7pFc28VtE.1JtBnR73vRbk3uKCbj40xP1YrxFbLLxW930e4.5GD6R7g3; HttpOnly; SameSite=None; Secure; Path=/; Domain=npmjs.org; Expires=Sat, 22 Aug 2026 14:09:06 GMT
< set-cookie: _cfuvid=1kHyWVN5px1DuUf8drvd_RS1sx9ufnwaZal_uDKc3zg-1787405946.17745-1.0.1.1-NI3wj1tW7L84itSc7Yw5oTaXFxX.tUP7eXIJ7ZoPrfU; HttpOnly; SameSite=None; Secure; Path=/; Domain=npmjs.org
< CF-Ray: a2f2481b9d773d85-EWR
< CF-Cache-Status: HIT
< Access-Control-Allow-Origin: *
< Cache-Control: public, max-age=300
< Vary: accept-encoding, accept
< Last-Modified: Fri, 21 Aug 2026 14:16:48 GMT
< Server: cloudflare
< ETag: W/"8997c8ac81a1d240535f4c7428c67cf5"
< Content-Encoding: br

[PackageManager] waiting for 62 tasks
    [2.77s]
Downloaded @effect/experimental versions
[PackageManager] waiting for 62 tasks
   - "@effect/experimental": "latest" - @effect/experimental@0.61.1
Enqueue package manifest for download: uuid
 HTTP/1.1 GET https://registry.npmjs.org/uuid
 Accept: application/vnd.npm.install-v1+json; q=1.0, application/json; q=0.8, */*
 Connection: keep-alive
 User-Agent: Bun/1.4.1
 Host: registry.npmjs.org
 Accept-Encoding: gzip, deflate, br, zstd
< 200 OK
< Date: Sat, 22 Aug 2026 13:39:06 GMT
< Content-Type: application/vnd.npm.install-v1+json
< Transfer-Encoding: chunked
< Connection: keep-alive
< set-cookie: __cf_bm=8uWiW0HSK28arZamS5T0uTHjlE7.1d7dTbnwprnCpJo-1787405946.6505733-1.0.1.1-9RpOHTew8kpw5CUZDvdZusuEMfbdCnMAjFyT.II2Ls3RR1ry4db_3.r59HqCcFtJvO1VxOZp.KXAHuGXtVstttgTAORq.8QUmmwUwWeeBGL7FUfFX6QXskYP_It0b98i; HttpOnly; SameSite=None; Secure; Path=/; Domain=npmjs.org; Expires=Sat, 22 Aug 2026 14:09:06 GMT
< set-cookie: _cfuvid=jpKVsrcAoOY6CWXLdpB18G4L9Upp_.4_5dPqwmTwIO8-1787405946.6505733-1.0.1.1-rfnPZ7HGZhtMo8g1Y3hwl3csZekjFnVntYG1sc73pdU; HttpOnly; SameSite=None; Secure; Path=/; Domain=npmjs.org
< CF-Ray: a2f2481e89fd2067-EWR
< CF-Cache-Status: HIT
< Access-Control-Allow-Origin: *
< Age: 208
< Cache-Control: public, max-age=300
< Vary: accept-encoding, accept
< Last-Modified: Tue, 18 Aug 2026 15:07:38 GMT
< Server: cloudflare
< ETag: W/"d4abfc67f1b9b9582d58c3d356ff5db2"
< Content-Encoding: br

< 200 OK
< Date: Sat, 22 Aug 2026 13:39:06 GMT
< Content-Type: application/vnd.npm.install-v1+json
< Transfer-Encoding: chunked
< Connection: keep-alive
< set-cookie: __cf_bm=4jm3xy8j_j_cNa.xf6UPWlJwksRCvJsc6rSBCnpjyT8-1787405946.6512244-1.0.1.1-Vol3i0JPXK3HH6.Ha7ZRctBIILRpSucrPl8N5LiNgOxRIcNhN40cKSKL868TcgJ4V2gaZ9YMYZTxDlo6sELQQbBWIEf21N6HBYTcdY5erW5m8wOf4F_YuDlqEHNJGtPZ; HttpOnly; SameSite=None; Secure; Path=/; Domain=npmjs.org; Expires=Sat, 22 Aug 2026 14:09:06 GMT
< set-cookie: _cfuvid=8TszWYyY63jqEDqzgFQXYFD26Jy2o0u.D3MZMyiwXok-1787405946.6512244-1.0.1.1-M7WHBBGmNPy50U1fVdtrdRopryFSDMnBrYJeksHfTXU; HttpOnly; SameSite=None; Secure; Path=/; Domain=npmjs.org
< CF-Ray: a2f2481e9d167095-EWR
< CF-Cache-Status: HIT
< Access-Control-Allow-Origin: *
< Age: 230
< Cache-Control: public, max-age=300
< Vary: accept-encoding, accept
< Last-Modified: Tue, 18 Aug 2026 15:07:15 GMT
< Server: cloudflare
< ETag: W/"caf157bd72ebd8df2121412f53f2555f"
< Content-Encoding: br

< 200 OK
< Date: Sat, 22 Aug 2026 13:39:06 GMT
< Content-Type: application/vnd.npm.install-v1+json
< Transfer-Encoding: chunked
< Connection: keep-alive
< set-cookie: __cf_bm=o6jHEdU9Wdg7Rkz49GiYTSf_LKliJ_S5Gis1K_C5wwM-1787405946.6526303-1.0.1.1-_wNBF4v5cQSP6INAko8YnjIeq_vnClCHShxwH5UTtYssu2aq5L5YI01KQ3NYbvy3LWKfwLG5PBF0NVV2itaNx4O6_sIh82_y6t1vX21n6VYZxr0yov8O37BmlMsE88Oq; HttpOnly; SameSite=None; Secure; Path=/; Domain=npmjs.org; Expires=Sat, 22 Aug 2026 14:09:06 GMT
< set-cookie: _cfuvid=MCqGHNj3yerC74wC.KS3WkEHiilasUyNXrh_V.uFjk4-1787405946.6526303-1.0.1.1-.vw6O8ZiaMl.vDkpcN_9ZKdXSAFmLfN_z5ucuEj7PhA; HttpOnly; SameSite=None; Secure; Path=/; Domain=npmjs.org
< CF-Ray: a2f2481e9e14c328-EWR
< CF-Cache-Status: HIT
< Access-Control-Allow-Origin: *
< Age: 115
< Cache-Control: public, max-age=300
< Vary: accept-encoding, accept
< Last-Modified: Tue, 18 Aug 2026 15:09:03 GMT
< Server: cloudflare
< ETag: W/"74619b73298e29793cdb490339ac0f8b"
< Content-Encoding: br

 HTTP/1.1 GET https://registry.npmjs.org/oxlint-tsgolint/-/oxlint-tsgolint-7.0.2001.tgz
 Connection: keep-alive
 User-Agent: Bun/1.4.1
 Accept: */*
 Host: registry.npmjs.org
 Accept-Encoding: gzip, deflate, br, zstd
 HTTP/1.1 GET https://registry.npmjs.org/@oxfmt%2fbinding-linux-arm-musleabihf
 Accept: application/vnd.npm.install-v1+json; q=1.0, application/json; q=0.8, */*
 Connection: keep-alive
 User-Agent: Bun/1.4.1
 Host: registry.npmjs.org
 Accept-Encoding: gzip, deflate, br, zstd
[PackageManager] waiting for 63 tasks
    [296.29ms]
Downloaded @oxlint/binding-darwin-arm64 versions
[PackageManager] waiting for 63 tasks
    [297.49ms]
Downloaded @oxlint/binding-freebsd-x64 versions
   - "@oxlint/binding-darwin-arm64": "1.78.0" - @oxlint/binding-darwin-arm64@1.78.0
[PackageManager] waiting for 62 tasks
[PackageManager] waiting for 62 tasks
   - "@oxlint/binding-freebsd-x64": "1.78.0" - @oxlint/binding-freebsd-x64@1.78.0
[PackageManager] waiting for 61 tasks
    [301.51ms]
Downloaded @oxlint/binding-darwin-x64 versions
 HTTP/1.1 GET https://registry.npmjs.org/@oxfmt%2fbinding-linux-s390x-gnu
 Accept: application/vnd.npm.install-v1+json; q=1.0, application/json; q=0.8, */*
 Connection: keep-alive
 User-Agent: Bun/1.4.1
 Host: registry.npmjs.org
 Accept-Encoding: gzip, deflate, br, zstd
[PackageManager] waiting for 61 tasks
   - "@oxlint/binding-darwin-x64": "1.78.0" - @oxlint/binding-darwin-x64@1.78.0
< 200 OK
< Date: Sat, 22 Aug 2026 13:39:06 GMT
< Content-Type: application/vnd.npm.install-v1+json
< Transfer-Encoding: chunked
< Connection: keep-alive
< set-cookie: __cf_bm=FzFrO5OG9lC0xqXNvMHs5ZoW2L657JR6olhGN8qVarc-1787405946.726256-1.0.1.1-WioKum7lrIyFHsmIv0aTrYmmpQyl.iFmcXQT6LEbUqluJ3h_Dy_ttsWS6xI80ZGnPz6foECx8vcdUrqC1N2qnS18XvGNUazeQs7ryp54oFXTLBKw9U581EBjNoA34PY1; HttpOnly; SameSite=None; Secure; Path=/; Domain=npmjs.org; Expires=Sat, 22 Aug 2026 14:09:06 GMT
< set-cookie: _cfuvid=uPCAJ1Y0GK45RgUynySmqhMQCmTRbvuJBHzhI.485v0-1787405946.726256-1.0.1.1-apZeylFQzE.QSQWoDmnkcQw6H2osPrhgahUjwXomSl0; HttpOnly; SameSite=None; Secure; Path=/; Domain=npmjs.org
< CF-Ray: a2f2481f0a807039-EWR
< CF-Cache-Status: HIT
< Access-Control-Allow-Origin: *
< Age: 64
< Cache-Control: public, max-age=300
< Vary: accept-encoding, accept
< Last-Modified: Wed, 08 Jul 2026 21:33:05 GMT
< Server: cloudflare
< ETag: W/"1647fe4f12915c06dffed232573223bb"
< Content-Encoding: br

< 200 OK
< Date: Sat, 22 Aug 2026 13:39:06 GMT
< Content-Type: application/vnd.npm.install-v1+json
< Transfer-Encoding: chunked
< Connection: keep-alive
< set-cookie: __cf_bm=gLpAoTnWeRYvNeSJmPKjmnSDNU5RQKGu_YJ1jTQpVmE-1787405946.72597-1.0.1.1-44TFTLZ_1mj9ceoLp2Y2jLC6CjjozpWdRzGJRAmv6md4yMzAhNAa9Z88gfkTp1zCykR9PWSOIYNrLXOgKhYItjOjH5_oXh1XzcK.jvDcu8N2z4rJjVX6sWB.7cODGWeJ; HttpOnly; SameSite=None; Secure; Path=/; Domain=npmjs.org; Expires=Sat, 22 Aug 2026 14:09:06 GMT
< set-cookie: _cfuvid=ne6p2vQiI5iI2mPV.r21oslXX179zCgiZFhtcK_S9j8-1787405946.72597-1.0.1.1-vobUs52cDJnqrvqfyCupPdKfsPSBa24.VIyEWTPtukk; HttpOnly; SameSite=None; Secure; Path=/; Domain=npmjs.org
< CF-Ray: a2f2481f09783788-EWR
< CF-Cache-Status: HIT
< Access-Control-Allow-Origin: *
< Age: 159
< Cache-Control: public, max-age=300
< Vary: accept-encoding, accept
< Last-Modified: Wed, 29 Jul 2026 04:00:13 GMT
< Server: cloudflare
< ETag: W/"09694df4eb21ddc63127cd25ca8e6825"
< Content-Encoding: br

< 200 OK
< Date: Sat, 22 Aug 2026 13:39:06 GMT
< Content-Type: application/vnd.npm.install-v1+json
< Transfer-Encoding: chunked
< Connection: keep-alive
< set-cookie: __cf_bm=LamN1IyR5FJVMuo3y_MpxASLkj3HJuVDK0Z1LAX9Pjw-1787405946.7508192-1.0.1.1-X3YvwnV2yIJPNUH_VizZlFqReuRw0CDKr_5jwqcDfB8KqZyE3sd5qc5._AvI0eUg757VCNZx5Q79rYKb7iU4okBdep6NSBTxZG42B3inf_3vr92Zn_r6ucRv2ytu0YiE; HttpOnly; SameSite=None; Secure; Path=/; Domain=npmjs.org; Expires=Sat, 22 Aug 2026 14:09:06 GMT
< set-cookie: _cfuvid=vPySMH1WakI9TeUeQlArhij1SB0Uo4TKwDX8rELj4PU-1787405946.7508192-1.0.1.1-jnyGVgvZMnjt1KYZLgGnbjy_4YkyAzvS2gnKLrC4Gdk; HttpOnly; SameSite=None; Secure; Path=/; Domain=npmjs.org
< CF-Ray: a2f2481f2c148c05-EWR
< CF-Cache-Status: HIT
< Access-Control-Allow-Origin: *
< Age: 101
< Cache-Control: public, max-age=300
< Vary: accept-encoding, accept
< Last-Modified: Tue, 18 Aug 2026 18:21:58 GMT
< Server: cloudflare
< ETag: W/"29eee96693dbf97689c54a15873d8d3f"
< Content-Encoding: br

 HTTP/1.1 GET https://registry.npmjs.org/@effect/tsgo/-/tsgo-0.36.5.tgz
 Connection: keep-alive
 User-Agent: Bun/1.4.1
 Accept: */*
 Host: registry.npmjs.org
 Accept-Encoding: gzip, deflate, br, zstd
< 200 OK
< Date: Sat, 22 Aug 2026 13:39:06 GMT
< Content-Type: application/vnd.npm.install-v1+json
< Transfer-Encoding: chunked
< Connection: keep-alive
< set-cookie: __cf_bm=WTwbUt72SINueCpTf3JkfQuKIOcRQKs.6uBMaeeeVl8-1787405946.7257876-1.0.1.1-CoCpU56uPoExdMv7K3ZdrMqRJWTfLsHVUXp61BqzNCvJdL.BjuNpItfR1sr_8okg2D3MvXh4AY0M1sv_Kml0S7hahs_vCENBYyFyQDuxP.NhiqXPIIJ5aspdrxPPGe4p; HttpOnly; SameSite=None; Secure; Path=/; Domain=npmjs.org; Expires=Sat, 22 Aug 2026 14:09:06 GMT
< set-cookie: _cfuvid=6OvTN6jbTu2EG9vt2Y86MwHmhNylHb_QezxJbRHsYMI-1787405946.7257876-1.0.1.1-Fl_sWNi64wUkRZY3izJ_fQWsY00ltLha5BqDGn4Gizs; HttpOnly; SameSite=None; Secure; Path=/; Domain=npmjs.org
< CF-Ray: a2f2481f0d381c3f-EWR
< CF-Cache-Status: HIT
< Access-Control-Allow-Origin: *
< Age: 35
< Cache-Control: public, max-age=300
< Vary: accept-encoding, accept
< Last-Modified: Mon, 15 Dec 2025 20:49:48 GMT
< Server: cloudflare
< ETag: W/"a4a42d38bd88c95fe25fbfb8f1c34b13"
< Content-Encoding: br

[PackageManager] waiting for 60 tasks
    [360.68ms]
Downloaded @standard-schema/spec versions
[PackageManager] waiting for 60 tasks
   - "@standard-schema/spec": "^1.1.0" - @standard-schema/spec@1.1.0
 HTTP/1.1 GET https://registry.npmjs.org/@standard-schema/spec/-/spec-1.1.0.tgz
 Connection: keep-alive
 User-Agent: Bun/1.4.1
 Accept: */*
 Host: registry.npmjs.org
 Accept-Encoding: gzip, deflate, br, zstd
[PackageManager] waiting for 60 tasks
    [361.88ms]
Downloaded uuid versions
[PackageManager] waiting for 60 tasks
   - "uuid": "^11.0.3" - uuid@11.1.1
 HTTP/1.1 GET https://registry.npmjs.org/uuid/-/uuid-11.1.1.tgz
 Connection: keep-alive
 User-Agent: Bun/1.4.1
 Accept: */*
 Host: registry.npmjs.org
 Accept-Encoding: gzip, deflate, br, zstd
 HTTP/1.1 GET https://registry.npmjs.org/@types/bun/-/bun-1.4.0.tgz
 Connection: keep-alive
 User-Agent: Bun/1.4.1
 Accept: */*
 Host: registry.npmjs.org
 Accept-Encoding: gzip, deflate, br, zstd
< 200 OK
< Date: Sat, 22 Aug 2026 13:39:06 GMT
< Content-Type: application/octet-stream
< Content-Length: 5237
< Connection: keep-alive
< set-cookie: __cf_bm=ot65iZjaW6zZ3YMH_Gv.hPyz844RKmWSCh3to3d5ynQ-1787405946.9319248-1.0.1.1-.7O7hcjAEt9OitSt.fWFwrndGqWENkOfzPiOzVyc28gQKdbLMTTTQFZRvp_BXoekI0dSeBCjDmlfLdBG4br40ShBNf1tAmT3pHvCMuQPUyVeOi_xs8DdKtjlZAV47XpN; HttpOnly; SameSite=None; Secure; Path=/; Domain=npmjs.org; Expires=Sat, 22 Aug 2026 14:09:06 GMT
< set-cookie: _cfuvid=UyVcwKtyohHRVpydbhwtpYHouZ8b7Hkk08Ro3MwQtMc-1787405946.9319248-1.0.1.1-gsfJRFISPvZ4VotZeAbhaw8cdzTqoIIsRzl_BOKNpXo; HttpOnly; SameSite=None; Secure; Path=/; Domain=npmjs.org
< CF-Ray: a2f248205d64daac-EWR
< CF-Cache-Status: HIT
< Accept-Ranges: bytes
< Access-Control-Allow-Origin: *
< Age: 1404985
< Cache-Control: public, immutable, max-age=31557600
< ETag: "3efc11efb99c41908e5800311e3142ee"
< Last-Modified: Tue, 21 Jul 2026 14:33:15 GMT
< Server: cloudflare

[PackageManager] waiting for 60 tasks
    [1425.43ms] Downloaded oxlint-tsgolint tarball
 LICENSE
 bin/tsgolint.js
 package.json
 README.md
[oxlint-tsgolint] Extract .c9c01f9c3330e251-1.oxlint-tsgolint (5.24 KB tgz file)
[oxlint-tsgolint] Extracted to .c9c01f9c3330e251-1.oxlint-tsgolint (5.8ms)
[PackageManager] waiting for 60 tasks
< 200 OK
< Date: Sat, 22 Aug 2026 13:39:06 GMT
< Content-Type: application/vnd.npm.install-v1+json
< Transfer-Encoding: chunked
< Connection: keep-alive
< set-cookie: __cf_bm=88plJkdTEANQRa3UoIl5XreNZzJDCrMrYpKBBH1EhXQ-1787405946.9313655-1.0.1.1-tEJXYlYc94EpyL3FqAhijTqTF3VEwFAP5MrHRrNEhrmqza.04QQVmYKv706uIEyWN0SqX5_FnrdTNftqrdLmkSfrhoDEHO02zmyBEN6t5W6WNE4_uYZjCMVeVxaQdS92; HttpOnly; SameSite=None; Secure; Path=/; Domain=npmjs.org; Expires=Sat, 22 Aug 2026 14:09:06 GMT
< set-cookie: _cfuvid=ZAAVZcN6_NU21LyzBGoUcgp.hhuK_Jtl8lkNlbcy36E-1787405946.9313655-1.0.1.1-dQnbnifYW0nDpnUkaYpaT4OZS21CyfqEurHRmzz38Xo; HttpOnly; SameSite=None; Secure; Path=/; Domain=npmjs.org
< CF-Ray: a2f248205e1ef797-EWR
< CF-Cache-Status: HIT
< Access-Control-Allow-Origin: *
< Age: 251
< Cache-Control: public, max-age=300
< Vary: accept-encoding, accept
< Last-Modified: Tue, 18 Aug 2026 15:03:05 GMT
< Server: cloudflare
< ETag: W/"4125d5097ac5e1c2d43019850ebac16f"
< Content-Encoding: br

[PackageManager] waiting for 59 tasks
    [1473.86ms]
Downloaded @oxfmt/binding-linux-arm-musleabihf versions
[PackageManager] waiting for 59 tasks
   - "@oxfmt/binding-linux-arm-musleabihf": "0.64.0" - @oxfmt/binding-linux-arm-musleabihf@0.64.0
[PackageManager] waiting for 58 tasks
    [623.61ms]
Downloaded msgpackr versions
[PackageManager] waiting for 58 tasks
< 200 OK
< Date: Sat, 22 Aug 2026 13:39:06 GMT
< Content-Type: application/octet-stream
< Content-Length: 2147273
< Connection: keep-alive
< set-cookie: __cf_bm=Q.Kp271fA69j.KzCvxdp_qFhqpEdaZtA3tfZWdqfqh8-1787405946.966227-1.0.1.1-BzhCSzhBcJ.rvADjTkMfE_WKn8S1GBCHT0i2bs3UDF73nu.Ota8MMbVyDumJllOdPhOWFQdczoaJWp6fRGOHYkm7JMi1DVi3lPg9UCdD8qndJNaPcmLmXOQUYaj3Gke.; HttpOnly; SameSite=None; Secure; Path=/; Domain=npmjs.org; Expires=Sat, 22 Aug 2026 14:09:06 GMT
< set-cookie: _cfuvid=L73kXDj_4Jxv1lLs2276iIuLQwsXZcmBJqczJWtu.f8-1787405946.966227-1.0.1.1-2HLxAd1Dw_orWJWjUg1anIHvA977xZi8MJgHV2M4QAY; HttpOnly; SameSite=None; Secure; Path=/; Domain=npmjs.org
< CF-Ray: a2f248208b7e8e3e-EWR
< CF-Cache-Status: HIT
< Accept-Ranges: bytes
< Access-Control-Allow-Origin: *
< Age: 339988
< Cache-Control: public, immutable, max-age=31557600
< ETag: "6cde6bad29f7a702ae08299a0cd6d974"
< Last-Modified: Tue, 18 Aug 2026 15:12:38 GMT
< Server: cloudflare

   - "msgpackr": "^2.0.5" - msgpackr@2.0.5
Enqueue package manifest for download: msgpackr-extract
 HTTP/1.1 GET https://registry.npmjs.org/msgpackr-extract
 Accept: application/vnd.npm.install-v1+json; q=1.0, application/json; q=0.8, */*
 Connection: keep-alive
 User-Agent: Bun/1.4.1
 Host: registry.npmjs.org
 Accept-Encoding: gzip, deflate, br, zstd
 HTTP/1.1 GET https://registry.npmjs.org/msgpackr/-/msgpackr-2.0.5.tgz
 Connection: keep-alive
 User-Agent: Bun/1.4.1
 Accept: */*
 Host: registry.npmjs.org
 Accept-Encoding: gzip, deflate, br, zstd
< 200 OK
< Date: Sat, 22 Aug 2026 13:39:06 GMT
< Content-Type: application/vnd.npm.install-v1+json
< Transfer-Encoding: chunked
< Connection: keep-alive
< set-cookie: __cf_bm=bkHWZT.8PoXbX7Y1IqtXATyDKED1hxIYXD.4POJlRac-1787405946.9608717-1.0.1.1-LEviiYCwxZNtOTR_f2QOaBcnfuxtz6.eQw6BC6GIQ5lgn88Pu18VxTb6hrTYNGRCH9oa3_C2QjWNluJN8giNzf_._b8x.6Pav7FvfYs045LFdXMOqYpwz7y_D8iYCtae; HttpOnly; SameSite=None; Secure; Path=/; Domain=npmjs.org; Expires=Sat, 22 Aug 2026 14:09:06 GMT
< set-cookie: _cfuvid=YTheiy5oITR8zArdIVAFtKRbF4WTzj88sZNie6Ynu5E-1787405946.9608717-1.0.1.1-8sz1N6OQJWoxTEq4WGR_OBpISRE1pkYGTEHQTq0OBp8; HttpOnly; SameSite=None; Secure; Path=/; Domain=npmjs.org
< CF-Ray: a2f2482078ae5642-EWR
< CF-Cache-Status: HIT
< Access-Control-Allow-Origin: *
< Age: 41
< Cache-Control: public, max-age=300
< Vary: accept-encoding, accept
< Last-Modified: Tue, 18 Aug 2026 15:04:57 GMT
< Server: cloudflare
< ETag: W/"5fc6e5ea50dc59365e5fa508a955b3dd"
< Content-Encoding: br

[PackageManager] waiting for 59 tasks
    [1.55s]
Downloaded @oxfmt/binding-linux-s390x-gnu versions
[PackageManager] waiting for 59 tasks
   - "@oxfmt/binding-linux-s390x-gnu": "0.64.0" - @oxfmt/binding-linux-s390x-gnu@0.64.0
< 200 OK
< Date: Sat, 22 Aug 2026 13:39:07 GMT
< Content-Type: application/octet-stream
< Content-Length: 4178
< Connection: keep-alive
< set-cookie: __cf_bm=0mQoj0kU__8Ol_ghmsM_SJlLvqqjoB5EUDISMhc7VVo-1787405947.0821292-1.0.1.1-m8dMdsTEUCr.Em7ojYV1vTljvuorWg1skrIAiRTyu9G7kiQ.gS_0TttwPypX6B1NHtKtyAOK05NE.7yXmjcr.zfsYhs8HPf4wOHJT16s0okSmINh7EsEpKtBKvSunKpd; HttpOnly; SameSite=None; Secure; Path=/; Domain=npmjs.org; Expires=Sat, 22 Aug 2026 14:09:07 GMT
< set-cookie: _cfuvid=IOrMxAQWwqJGHMd9mVxKXgj9ilmvUa7u8LigW5TTmiA-1787405947.0821292-1.0.1.1-josSur1dyGINKl7OC1_rc2FU5w6no0uJUZFbHDDZvvs; HttpOnly; SameSite=None; Secure; Path=/; Domain=npmjs.org
< CF-Ray: a2f248214809c328-EWR
< CF-Cache-Status: HIT
< Accept-Ranges: bytes
< Access-Control-Allow-Origin: *
< Age: 1223674
< Cache-Control: public, must-revalidate, max-age=31557600
< ETag: "27fc3dea240ff539f9c15d30f5b00c59"
< Last-Modified: Mon, 15 Dec 2025 20:49:48 GMT
< Server: cloudflare

[PackageManager] waiting for 58 tasks
    [432.28ms] Downloaded @standard-schema/spec tarball
 LICENSE
 dist/index.cjs
 dist/index.d.cts
 dist/index.js
 package.json
 README.md
 dist/index.d.ts
[@standard-schema/spec] Extract .c9c01f9c3d9c0da0-2.spec (4.18 KB tgz file)
[@standard-schema/spec] Extracted to .c9c01f9c3d9c0da0-2.spec (6.5ms)
[PackageManager] waiting for 58 tasks
< 200 OK
< Date: Sat, 22 Aug 2026 13:39:07 GMT
< Content-Type: application/octet-stream
< Content-Length: 1959697
< Connection: keep-alive
< set-cookie: __cf_bm=iypsAX7czI_M0maQNGLII_E.tnd.ivfbwBWtJyusTfQ-1787405947.0364661-1.0.1.1-hB85jJGLqa.N.fJXR6YpoWkieHA8piA.b_GZTjg_qFlE1UDxeKL.SbdKp.vs7sIsXDxzDvk_uAT19D0JpImXu8Hyzjj3leGpqSYVXoJYC64VPj81mZMV9OxSAzTOfP4u; HttpOnly; SameSite=None; Secure; Path=/; Domain=npmjs.org; Expires=Sat, 22 Aug 2026 14:09:07 GMT
< set-cookie: _cfuvid=9O06acJ9.KZr3_SOmcrIJwnUtOCTjQJzICwzM5cFV4s-1787405947.0364661-1.0.1.1-j_U3Q7AaCSTWHrQ.dkoNhMN9mTMAWDufN6HNs4Ig7Os; HttpOnly; SameSite=None; Secure; Path=/; Domain=npmjs.org
< CF-Ray: a2f24820ff038c96-EWR
< CF-Cache-Status: HIT
< Accept-Ranges: bytes
< Access-Control-Allow-Origin: *
< Age: 616758
< Cache-Control: public, must-revalidate, max-age=31557600
< ETag: "45bdfe729adcfe81a6c77a412c5f3501"
< Last-Modified: Sat, 15 Aug 2026 10:19:48 GMT
< Server: cloudflare

< 200 OK
< Date: Sat, 22 Aug 2026 13:39:07 GMT
< Content-Type: application/octet-stream
< Content-Length: 19965
< Connection: keep-alive
< set-cookie: __cf_bm=pG9.w8v_uNxtJl5m94KKEzcmoqQvEy7JZYxn5db9tI8-1787405947.120682-1.0.1.1-Uc86d7fsSFT8N55pTLNvdRcU2HxIyR_LJOGx.PQE1J1Z9ts4l4WsLmG.KpedOm3EqiHPRGy4jb4ygSAdc.PB3rXWt68zLK6iZPkUw19rZMNaB8xlnVpxaZJq3pMKEB6q; HttpOnly; SameSite=None; Secure; Path=/; Domain=npmjs.org; Expires=Sat, 22 Aug 2026 14:09:07 GMT
< set-cookie: _cfuvid=_gzf4ezPKrSB2ExMoa7aFyY90WU0bnWk2YgMeQB8tZg-1787405947.120682-1.0.1.1-VnATYFHAeg4XLRyDXe216DQAHoeXZhBK7toZ2Gd5c8M; HttpOnly; SameSite=None; Secure; Path=/; Domain=npmjs.org
< CF-Ray: a2f248217d698c05-EWR
< CF-Cache-Status: HIT
< Accept-Ranges: bytes
< Access-Control-Allow-Origin: *
< Age: 1256384
< Cache-Control: public, immutable, max-age=31557600
< ETag: "fd24f0da41520f4638e10bc7f11fb1c3"
< Last-Modified: Wed, 29 Apr 2026 15:17:26 GMT
< Server: cloudflare

 HTTP/1.1 GET https://registry.npmjs.org/@oxlint%2fbinding-linux-arm-musleabihf
 Accept: application/vnd.npm.install-v1+json; q=1.0, application/json; q=0.8, */*
 Connection: keep-alive
 User-Agent: Bun/1.4.1
 Host: registry.npmjs.org
 Accept-Encoding: gzip, deflate, br, zstd
 HTTP/1.1 GET https://registry.npmjs.org/oxlint/-/oxlint-1.78.0.tgz
 Connection: keep-alive
 User-Agent: Bun/1.4.1
 Accept: */*
 Host: registry.npmjs.org
 Accept-Encoding: gzip, deflate, br, zstd
 HTTP/1.1 GET https://registry.npmjs.org/@oxfmt%2fbinding-linux-arm-gnueabihf
 Accept: application/vnd.npm.install-v1+json; q=1.0, application/json; q=0.8, */*
 Connection: keep-alive
 User-Agent: Bun/1.4.1
 Host: registry.npmjs.org
 Accept-Encoding: gzip, deflate, br, zstd
[PackageManager] waiting for 57 tasks
    [3.20s] Downloaded uuid tarball
 dist/esm/bin/uuid
 dist/cjs-browser/index.js
 dist/cjs/index.js
 dist/esm-browser/index.js
 dist/esm/index.js
 dist/cjs-browser/max.js
 dist/cjs/max.js
 dist/esm-browser/max.js
 dist/esm/max.js
 dist/cjs-browser/md5.js
 dist/cjs/md5.js
 dist/esm-browser/md5.js
 dist/esm/md5.js
 dist/cjs-browser/native.js
 dist/cjs/native.js
 dist/esm-browser/native.js
 dist/esm/native.js
 dist/cjs-browser/nil.js
 dist/cjs/nil.js
 dist/esm-browser/nil.js
 dist/esm/nil.js
 dist/cjs-browser/parse.js
 dist/cjs/parse.js
 dist/esm-browser/parse.js
 dist/esm/parse.js
 dist/cjs-browser/regex.js
 dist/cjs/regex.js
 dist/esm-browser/regex.js
 dist/esm/regex.js
 dist/cjs-browser/rng.js
 dist/cjs/rng.js
 dist/esm-browser/rng.js
 dist/esm/rng.js
 dist/cjs-browser/sha1.js
 dist/cjs/sha1.js
 dist/esm-browser/sha1.js
 dist/esm/sha1.js
 dist/cjs-browser/stringify.js
 dist/cjs/stringify.js
 dist/esm-browser/stringify.js
 dist/esm/stringify.js
 dist/cjs-browser/types.js
 dist/cjs/types.js
 dist/esm-browser/types.js
 dist/esm/types.js
 dist/cjs-browser/uuid-bin.js
 dist/cjs/uuid-bin.js
 dist/esm-browser/uuid-bin.js
 dist/esm/uuid-bin.js
 dist/cjs-browser/v1.js
 dist/cjs/v1.js
 dist/esm-browser/v1.js
 dist/esm/v1.js
 dist/cjs-browser/v1ToV6.js
 dist/cjs/v1ToV6.js
 dist/esm-browser/v1ToV6.js
 dist/esm/v1ToV6.js
 dist/cjs-browser/v3.js
 dist/cjs/v3.js
 dist/esm-browser/v3.js
 dist/esm/v3.js
 dist/cjs-browser/v35.js
 dist/cjs/v35.js
 dist/esm-browser/v35.js
 dist/esm/v35.js
 dist/cjs-browser/v4.js
 dist/cjs/v4.js
 dist/esm-browser/v4.js
 dist/esm/v4.js
 dist/cjs-browser/v5.js
 dist/cjs/v5.js
 dist/esm-browser/v5.js
 dist/esm/v5.js
 dist/cjs-browser/v6.js
 dist/cjs/v6.js
 dist/esm-browser/v6.js
 dist/esm/v6.js
 dist/cjs-browser/v6ToV1.js
 dist/cjs/v6ToV1.js
 dist/esm-browser/v6ToV1.js
 dist/esm/v6ToV1.js
 dist/cjs-browser/v7.js
 dist/cjs/v7.js
 dist/esm-browser/v7.js
 dist/esm/v7.js
 dist/cjs-browser/validate.js
 dist/cjs/validate.js
 dist/esm-browser/validate.js
 dist/esm/validate.js
 dist/cjs-browser/version.js
 dist/cjs/version.js
 dist/esm-browser/version.js
 dist/esm/version.js
 dist/cjs-browser/package.json
 dist/cjs/package.json
 package.json
 LICENSE.md
 README.md
 dist/cjs-browser/index.d.ts
 dist/cjs/index.d.ts
 dist/esm-browser/index.d.ts
 dist/esm/index.d.ts
 dist/cjs-browser/max.d.ts
 dist/cjs/max.d.ts
 dist/esm-browser/max.d.ts
 dist/esm/max.d.ts
 dist/cjs-browser/md5.d.ts
 dist/cjs/md5.d.ts
 dist/esm-browser/md5.d.ts
 dist/esm/md5.d.ts
 dist/cjs-browser/native.d.ts
 dist/cjs/native.d.ts
 dist/esm-browser/native.d.ts
 dist/esm/native.d.ts
 dist/cjs-browser/nil.d.ts
 dist/cjs/nil.d.ts
 dist/esm-browser/nil.d.ts
 dist/esm/nil.d.ts
 dist/cjs-browser/parse.d.ts
 dist/cjs/parse.d.ts
 dist/esm-browser/parse.d.ts
 dist/esm/parse.d.ts
 dist/cjs-browser/regex.d.ts
 dist/cjs/regex.d.ts
 dist/esm-browser/regex.d.ts
 dist/esm/regex.d.ts
 dist/cjs-browser/rng.d.ts
 dist/cjs/rng.d.ts
 dist/esm-browser/rng.d.ts
 dist/esm/rng.d.ts
 dist/cjs-browser/sha1.d.ts
 dist/cjs/sha1.d.ts
 dist/esm-browser/sha1.d.ts
 dist/esm/sha1.d.ts
 dist/cjs-browser/stringify.d.ts
 dist/cjs/stringify.d.ts
 dist/esm-browser/stringify.d.ts
 dist/esm/stringify.d.ts
 dist/cjs-browser/types.d.ts
 dist/cjs/types.d.ts
 dist/esm-browser/types.d.ts
 dist/esm/types.d.ts
 dist/cjs-browser/uuid-bin.d.ts
 dist/cjs/uuid-bin.d.ts
 dist/esm-browser/uuid-bin.d.ts
 dist/esm/uuid-bin.d.ts
 dist/cjs-browser/v1.d.ts
 dist/cjs/v1.d.ts
 dist/esm-browser/v1.d.ts
 dist/esm/v1.d.ts
 dist/cjs-browser/v1ToV6.d.ts
 dist/cjs/v1ToV6.d.ts
 dist/esm-browser/v1ToV6.d.ts
 dist/esm/v1ToV6.d.ts
 dist/cjs-browser/v3.d.ts
 dist/cjs/v3.d.ts
 dist/esm-browser/v3.d.ts
 dist/esm/v3.d.ts
 dist/cjs-browser/v35.d.ts
 dist/cjs/v35.d.ts
 dist/esm-browser/v35.d.ts
 dist/esm/v35.d.ts
 dist/cjs-browser/v4.d.ts
 dist/cjs/v4.d.ts
 dist/esm-browser/v4.d.ts
 dist/esm/v4.d.ts
 dist/cjs-browser/v5.d.ts
 dist/cjs/v5.d.ts
 dist/esm-browser/v5.d.ts
 dist/esm/v5.d.ts
 dist/cjs-browser/v6.d.ts
 dist/cjs/v6.d.ts
 dist/esm-browser/v6.d.ts
 dist/esm/v6.d.ts
 dist/cjs-browser/v6ToV1.d.ts
 dist/cjs/v6ToV1.d.ts
 dist/esm-browser/v6ToV1.d.ts
 dist/esm/v6ToV1.d.ts
 dist/cjs-browser/v7.d.ts
 dist/cjs/v7.d.ts
 dist/esm-browser/v7.d.ts
 dist/esm/v7.d.ts
 dist/cjs-browser/validate.d.ts
 dist/cjs/validate.d.ts
 dist/esm-browser/validate.d.ts
 dist/esm/validate.d.ts
 dist/cjs-browser/version.d.ts
 dist/cjs/version.d.ts
 dist/esm-browser/version.d.ts
 dist/esm/version.d.ts
[uuid] Extract .c9c01f9c07f14bb8-3.uuid (19.96 KB tgz file)
[uuid] Extracted to .c9c01f9c07f14bb8-3.uuid (74.4ms)
[PackageManager] waiting for 57 tasks
 HTTP/1.1 GET https://registry.npmjs.org/@oxlint%2fbinding-linux-ppc64-gnu
 Accept: application/vnd.npm.install-v1+json; q=1.0, application/json; q=0.8, */*
 Connection: keep-alive
 User-Agent: Bun/1.4.1
 Host: registry.npmjs.org
 Accept-Encoding: gzip, deflate, br, zstd
< 200 OK
< Date: Sat, 22 Aug 2026 13:39:07 GMT
< Content-Type: application/octet-stream
< Content-Length: 1705
< Connection: keep-alive
< set-cookie: __cf_bm=bF1dI8_0qtmUR0zRH4O0ibiArWrP3f0tVnQJwiMgyac-1787405947.255892-1.0.1.1-aA5nee7ucKaOnBMcZoLpqCcwafApMQeaQof60yPjQ8C0NQpoyGMeRY4MNNyrejjHXDgFNs.0q.w6x1ZCYBZAg5K4f3ibmqayIEKpXwQ3rpS.sn3Kz79o7nHS6vpDvdO1; HttpOnly; SameSite=None; Secure; Path=/; Domain=npmjs.org; Expires=Sat, 22 Aug 2026 14:09:07 GMT
< set-cookie: _cfuvid=u2P6pIvuk8HYZpCmFiHWuMs.LGZbNFQi.W4gFgijAPk-1787405947.255892-1.0.1.1-il9Wa.UMHehM6nEiHaVE9XjwItXyIGX_6WY5LPm.CsM; HttpOnly; SameSite=None; Secure; Path=/; Domain=npmjs.org
< CF-Ray: a2f248225a264faa-EWR
< CF-Cache-Status: HIT
< Accept-Ranges: bytes
< Access-Control-Allow-Origin: *
< Age: 150752
< Cache-Control: public, must-revalidate, max-age=31557600
< ETag: "7419a2214bd4fdd999d2fba6967bc086"
< Last-Modified: Thu, 20 Aug 2026 19:46:34 GMT
< Server: cloudflare

[PackageManager] waiting for 56 tasks
    [1.54s] Downloaded @types/bun tarball
 LICENSE
 README.md
 index.d.ts
 package.json
[@types/bun] Extract .8c06c05b6cabc911-4.bun (1.71 KB tgz file)
[@types/bun] Extracted to .8c06c05b6cabc911-4.bun (1.1ms)
[PackageManager] waiting for 56 tasks
< 200 OK
< Date: Sat, 22 Aug 2026 13:39:07 GMT
< Content-Type: application/octet-stream
< Content-Length: 409326
< Connection: keep-alive
< set-cookie: __cf_bm=PwWI.Rwzr52cOR6Ji3CxhqC_Ov5_XwumCHAfLQP5e5Q-1787405947.3555875-1.0.1.1-ieUkNS3g5Dmbmdc9_dtaHqowMRlehXyZHleWg2kO1DsEwmCsFOyA39eVHjnEe24GPQOyIVzOtdWUpP88ECE6B3esJKb.KTIxJDgZXIj9SKkqSeIbQQZdOy_SP_NbGg0_; HttpOnly; SameSite=None; Secure; Path=/; Domain=npmjs.org; Expires=Sat, 22 Aug 2026 14:09:07 GMT
< set-cookie: _cfuvid=RIs40.wI4lOZ26Ct7ijonaeHZS7h91gRqb6yEy0RhfE-1787405947.3555875-1.0.1.1-kOdkF_Q1rkV7qw70Bjbspbq8zqLJhY5JVRjK9BKT.GM; HttpOnly; SameSite=None; Secure; Path=/; Domain=npmjs.org
< CF-Ray: a2f24822fd442067-EWR
< CF-Cache-Status: HIT
< Accept-Ranges: bytes
< Access-Control-Allow-Origin: *
< Age: 1581225
< Cache-Control: public, immutable, max-age=31557600
< ETag: "e443fb88a041530cb5da6e28544ac3c9"
< Last-Modified: Wed, 29 Jul 2026 04:00:13 GMT
< Server: cloudflare

[PackageManager] waiting for 55 tasks
    [1129.79ms]
Downloaded fast-check versions
[PackageManager] waiting for 55 tasks
   - "fast-check": "^4.9.0" - fast-check@4.9.0
Enqueue package manifest for download: pure-rand
 HTTP/1.1 GET https://registry.npmjs.org/pure-rand
 Accept: application/vnd.npm.install-v1+json; q=1.0, application/json; q=0.8, */*
 Connection: keep-alive
 User-Agent: Bun/1.4.1
 Host: registry.npmjs.org
 Accept-Encoding: gzip, deflate, br, zstd
 HTTP/1.1 GET https://registry.npmjs.org/fast-check/-/fast-check-4.9.0.tgz
 Connection: keep-alive
 User-Agent: Bun/1.4.1
 Accept: */*
 Host: registry.npmjs.org
 Accept-Encoding: gzip, deflate, br, zstd
 HTTP/1.1 GET https://registry.npmjs.org/@effect%2ftsgo-linux-arm64
 Accept: application/vnd.npm.install-v1+json; q=1.0, application/json; q=0.8, */*
 Connection: keep-alive
 User-Agent: Bun/1.4.1
 Host: registry.npmjs.org
 Accept-Encoding: gzip, deflate, br, zstd
< 200 OK
< Date: Sat, 22 Aug 2026 13:39:07 GMT
< Content-Type: application/vnd.npm.install-v1+json
< Transfer-Encoding: chunked
< Connection: keep-alive
< set-cookie: __cf_bm=5i25qTSv9nITW5oj6xn2kWT2a8wXerU2_V_70dOe4oo-1787405947.3560517-1.0.1.1-57ac4WaURtRIPHmyNzp9nUBiz2fBfMyXcsiX5TIFTNvzfWioVS2Yv8BGapM994vXsdL1_Syv3dhwJ3NgYSbj7pXFrcb9q.BD6t6f7Cmgq8OKcSPqoWhzGFt89u_ZHVMw; HttpOnly; SameSite=None; Secure; Path=/; Domain=npmjs.org; Expires=Sat, 22 Aug 2026 14:09:07 GMT
< set-cookie: _cfuvid=bVGLMnsvA.9qGPTZsuh3HWU5.rnVhRP9xeYVF.epRxg-1787405947.3560517-1.0.1.1-JAA0oudthNqvz4BJyBUysx8PTR5rE2iLnbm6r79JPiA; HttpOnly; SameSite=None; Secure; Path=/; Domain=npmjs.org
< CF-Ray: a2f24822fbefdaac-EWR
< CF-Cache-Status: HIT
< Access-Control-Allow-Origin: *
< Cache-Control: public, max-age=300
< Vary: accept-encoding, accept
< Last-Modified: Mon, 25 May 2026 13:39:32 GMT
< Server: cloudflare
< ETag: W/"6a53fb0cfd2488e8eafd247fd28e7b25"
< Content-Encoding: br

< 200 OK
< Date: Sat, 22 Aug 2026 13:39:07 GMT
< Content-Type: application/octet-stream
< Content-Length: 371488
< Connection: keep-alive
< set-cookie: __cf_bm=SF0us4i37QiGZkOyHEWCuzHgj3LeibrdHdL8iiHgkDI-1787405947.5958455-1.0.1.1-_0sIrsk5IG8RModU6O0beU.k4xce4dDONW9Gx6IHgFutuRxCc837J0g1J5a2EM3SxSQ_MEEm87rgNgxeOpio4.w3lUGuuweRnYoSniphAbuJBiHQQypq4MUko2bd.Gbm; HttpOnly; SameSite=None; Secure; Path=/; Domain=npmjs.org; Expires=Sat, 22 Aug 2026 14:09:07 GMT
< set-cookie: _cfuvid=MY04wuK1J8cf9taBxzj2hkTQldYAfa5rm7en.jLK.ro-1787405947.5958455-1.0.1.1-sBIMlPGwlULlfdA5K0rD0oTOf1f3F83gBLVmZBAKnS8; HttpOnly; SameSite=None; Secure; Path=/; Domain=npmjs.org
< CF-Ray: a2f248247bac8110-EWR
< CF-Cache-Status: HIT
< Accept-Ranges: bytes
< Access-Control-Allow-Origin: *
< Age: 1047106
< Cache-Control: public, immutable, max-age=31557600
< ETag: "4aea92c956eb5b9c706fa4d5d05b3512"
< Last-Modified: Mon, 10 Aug 2026 10:47:21 GMT
< Server: cloudflare

< 200 OK
< Date: Sat, 22 Aug 2026 13:39:07 GMT
< Content-Type: application/vnd.npm.install-v1+json
< Transfer-Encoding: chunked
< Connection: keep-alive
< set-cookie: __cf_bm=kuhUGZu5sR.zT3SnRXhq.Z24mDRs9cFS8KyrkGT.YCY-1787405947.5958924-1.0.1.1-EQyRAlJwiF_zdOU1GY2Pu9Iu2WE7Ga.H3hMkOzglLcUk65a_q6G5VwYkaEwDIPv50AqWBCTXARK9WcpZE7EdjSyLGKUADxgMAFZfVJbHG__GgfzRlX_wHNLj8nffuwaQ; HttpOnly; SameSite=None; Secure; Path=/; Domain=npmjs.org; Expires=Sat, 22 Aug 2026 14:09:07 GMT
< set-cookie: _cfuvid=95F4cHZVj75Tzkk5V0awC3BVE_mny4lvH4oUAIfG2ts-1787405947.5958924-1.0.1.1-Jh7Q2QmtMxHdXvcTdgjjgMmed1eGPu3cPuJyLFVo4cY; HttpOnly; SameSite=None; Secure; Path=/; Domain=npmjs.org
< CF-Ray: a2f248247f761b43-EWR
< CF-Cache-Status: HIT
< Access-Control-Allow-Origin: *
< Age: 32
< Cache-Control: public, max-age=300
< Vary: accept-encoding, accept
< Last-Modified: Tue, 18 Aug 2026 15:05:27 GMT
< Server: cloudflare
< ETag: W/"385d5c6fe49e372a61aa9af9610c968b"
< Content-Encoding: br

[PackageManager] waiting for 56 tasks
    [1.55s]
Downloaded @oxlint/binding-linux-arm-musleabihf versions
[PackageManager] waiting for 56 tasks
   - "@oxlint/binding-linux-arm-musleabihf": "1.78.0" - @oxlint/binding-linux-arm-musleabihf@1.78.0
 HTTP/1.1 GET https://registry.npmjs.org/@oxfmt%2fbinding-linux-ppc64-gnu
 Accept: application/vnd.npm.install-v1+json; q=1.0, application/json; q=0.8, */*
 Connection: keep-alive
 User-Agent: Bun/1.4.1
 Host: registry.npmjs.org
 Accept-Encoding: gzip, deflate, br, zstd
< 200 OK
< Date: Sat, 22 Aug 2026 13:39:07 GMT
< Content-Type: application/vnd.npm.install-v1+json
< Transfer-Encoding: chunked
< Connection: keep-alive
< set-cookie: __cf_bm=UKXywy7cMH8.mu5CUvTYezrHx4Whm9UW8lFRDINipfk-1787405947.7114646-1.0.1.1-sG_lJt4.s6cT2GDipwtxrLBwNSATma4_B3y62y_3TO_hdL0pqyAnc.VpNT1QNYffHTOkPPx_4auulsRGsWpJZX_uzQlDwwDlNuwy4JUSKjQFy3WnY41VuBUNm5opUWFg; HttpOnly; SameSite=None; Secure; Path=/; Domain=npmjs.org; Expires=Sat, 22 Aug 2026 14:09:07 GMT
< set-cookie: _cfuvid=f5pR.mFps8BBQw2dv_Oec10m4HCu7PcHRH32bk449Mo-1787405947.7114646-1.0.1.1-VrXmeczic5nC0RaXaCaVdakJewIx1m.h0LY7a.s0wYM; HttpOnly; SameSite=None; Secure; Path=/; Domain=npmjs.org
< CF-Ray: a2f248253cb87b0e-EWR
< CF-Cache-Status: HIT
< Access-Control-Allow-Origin: *
< Age: 286
< Cache-Control: public, max-age=300
< Vary: accept-encoding, accept
< Last-Modified: Tue, 18 Aug 2026 15:06:16 GMT
< Server: cloudflare
< ETag: W/"ccf376bdbee8dc0d10e51817104667b8"
< Content-Encoding: br

[PackageManager] waiting for 55 tasks
    [1.73s]
Downloaded @oxlint/binding-linux-ppc64-gnu versions
[PackageManager] waiting for 55 tasks
   - "@oxlint/binding-linux-ppc64-gnu": "1.78.0" - @oxlint/binding-linux-ppc64-gnu@1.78.0
< 200 OK
< Date: Sat, 22 Aug 2026 13:39:07 GMT
< Content-Type: application/vnd.npm.install-v1+json
< Transfer-Encoding: chunked
< Connection: keep-alive
< set-cookie: __cf_bm=Id7QuOz6Q4C9lLG0gJqTQbtXevELOG_VeXn_99gy968-1787405947.8612587-1.0.1.1-gHyt135_YxFuleYHoH.39OoRv.WKHjRTgWFSHu7PU7Xf.76nwNgVwo1DPwLa_PklWep9CyprhJIFiyZoqpuxZHobMU2gyodAJG0.sJfzXOYNITs4Df5SC.L1e7KEs4Gu; HttpOnly; SameSite=None; Secure; Path=/; Domain=npmjs.org; Expires=Sat, 22 Aug 2026 14:09:07 GMT
< set-cookie: _cfuvid=BxBOH1TAsbbZSEAHGCJp7._417H9RgUHbnmLeBhZj7w-1787405947.8612587-1.0.1.1-F5FuGeBUsDw3bs8NDMqVW58XGux0Zo3_7Bm6GPGptjU; HttpOnly; SameSite=None; Secure; Path=/; Domain=npmjs.org
< CF-Ray: a2f248262b745642-EWR
< CF-Cache-Status: HIT
< Access-Control-Allow-Origin: *
< Age: 275
< Cache-Control: public, max-age=300
< Vary: accept-encoding, accept
< Last-Modified: Fri, 10 Jul 2026 07:55:12 GMT
< Server: cloudflare
< ETag: W/"f8dff50210f71e83ac8d00cdb64d213f"
< Content-Encoding: br

< 200 OK
< Date: Sat, 22 Aug 2026 13:39:07 GMT
< Content-Type: application/octet-stream
< Content-Length: 316013
< Connection: keep-alive
< set-cookie: __cf_bm=yQsMyDnG7cO0VEpnaJr_eF7mdSvPOukO_pSq6gIOho4-1787405947.8621604-1.0.1.1-cPostsIJkJN9TdG3_qkdYq7BWq0DA3AQnTtbpANwD9IcSUvlX6L1nNmd_BbcRBdB_8UMMH2uUMf_s31g1ju1XRXH12JbYXyBiNYA_loXADL8InwV0Av4I5YtQZ5kR4W4; HttpOnly; SameSite=None; Secure; Path=/; Domain=npmjs.org; Expires=Sat, 22 Aug 2026 14:09:07 GMT
< set-cookie: _cfuvid=IHVwJ5vJJQVSVQWozril_dktWIwCWKEkgNG.mdbHEUg-1787405947.8621604-1.0.1.1-O48RELl1bVD.mkIhJhhmDDyepQh5fcr5g4Ma5rypecA; HttpOnly; SameSite=None; Secure; Path=/; Domain=npmjs.org
< CF-Ray: a2f248262b3dc328-EWR
< CF-Cache-Status: HIT
< Accept-Ranges: bytes
< Access-Control-Allow-Origin: *
< Age: 1316271
< Cache-Control: public, immutable, max-age=31557600
< ETag: "99b529df09a1ea37763ed68e8a07d3f1"
< Last-Modified: Wed, 08 Jul 2026 21:33:05 GMT
< Server: cloudflare

[PackageManager] waiting for 54 tasks
    [2.64s]
Downloaded bun-types versions
[PackageManager] waiting for 54 tasks
    [1477.78ms]
Downloaded msgpackr-extract versions
[PackageManager] waiting for 54 tasks
   - "msgpackr-extract": "^3.0.4" - msgpackr-extract@3.0.4
Enqueue package manifest for download: node-gyp-build-optional-packages
Enqueue package manifest for download: @msgpackr-extract/msgpackr-extract-darwin-arm64
Enqueue package manifest for download: @msgpackr-extract/msgpackr-extract-darwin-x64
Enqueue package manifest for download: @msgpackr-extract/msgpackr-extract-linux-arm
Enqueue package manifest for download: @msgpackr-extract/msgpackr-extract-linux-arm64
Enqueue package manifest for download: @msgpackr-extract/msgpackr-extract-linux-x64
Enqueue package manifest for download: @msgpackr-extract/msgpackr-extract-win32-x64
 HTTP/1.1 GET https://registry.npmjs.org/node-gyp-build-optional-packages
 Accept: application/vnd.npm.install-v1+json; q=1.0, application/json; q=0.8, */*
 Connection: keep-alive
 User-Agent: Bun/1.4.1
 Host: registry.npmjs.org
 Accept-Encoding: gzip, deflate, br, zstd
 HTTP/1.1 GET https://registry.npmjs.org/@msgpackr-extract%2fmsgpackr-extract-darwin-arm64
 Accept: application/vnd.npm.install-v1+json; q=1.0, application/json; q=0.8, */*
 Connection: keep-alive
 User-Agent: Bun/1.4.1
 Host: registry.npmjs.org
 Accept-Encoding: gzip, deflate, br, zstd
 HTTP/1.1 GET https://registry.npmjs.org/@msgpackr-extract%2fmsgpackr-extract-darwin-x64
 Accept: application/vnd.npm.install-v1+json; q=1.0, application/json; q=0.8, */*
 Connection: keep-alive
 User-Agent: Bun/1.4.1
 Host: registry.npmjs.org
 Accept-Encoding: gzip, deflate, br, zstd
 HTTP/1.1 GET https://registry.npmjs.org/@msgpackr-extract%2fmsgpackr-extract-linux-arm
 Accept: application/vnd.npm.install-v1+json; q=1.0, application/json; q=0.8, */*
 Connection: keep-alive
 User-Agent: Bun/1.4.1
 Host: registry.npmjs.org
 Accept-Encoding: gzip, deflate, br, zstd
 HTTP/1.1 GET https://registry.npmjs.org/@msgpackr-extract%2fmsgpackr-extract-linux-arm64
 Accept: application/vnd.npm.install-v1+json; q=1.0, application/json; q=0.8, */*
 Connection: keep-alive
 User-Agent: Bun/1.4.1
 Host: registry.npmjs.org
 Accept-Encoding: gzip, deflate, br, zstd
[PackageManager] waiting for 61 tasks
 HTTP/1.1 GET https://registry.npmjs.org/@msgpackr-extract%2fmsgpackr-extract-linux-x64
 Accept: application/vnd.npm.install-v1+json; q=1.0, application/json; q=0.8, */*
 Connection: keep-alive
 User-Agent: Bun/1.4.1
 Host: registry.npmjs.org
 Accept-Encoding: gzip, deflate, br, zstd
   - "bun-types": "1.4.0" - bun-types@1.4.0
Enqueue package manifest for download: @types/node
 HTTP/1.1 GET https://registry.npmjs.org/@msgpackr-extract%2fmsgpackr-extract-win32-x64
 Accept: application/vnd.npm.install-v1+json; q=1.0, application/json; q=0.8, */*
 Connection: keep-alive
 User-Agent: Bun/1.4.1
 Host: registry.npmjs.org
 Accept-Encoding: gzip, deflate, br, zstd
 HTTP/1.1 GET https://registry.npmjs.org/msgpackr-extract/-/msgpackr-extract-3.0.4.tgz
 Connection: keep-alive
 User-Agent: Bun/1.4.1
 Accept: */*
 Host: registry.npmjs.org
 Accept-Encoding: gzip, deflate, br, zstd
 HTTP/1.1 GET https://registry.npmjs.org/@types%2fnode
 Accept: application/vnd.npm.install-v1+json; q=1.0, application/json; q=0.8, */*
 Connection: keep-alive
 User-Agent: Bun/1.4.1
 Host: registry.npmjs.org
 Accept-Encoding: gzip, deflate, br, zstd
 HTTP/1.1 GET https://registry.npmjs.org/bun-types/-/bun-types-1.4.0.tgz
 Connection: keep-alive
 User-Agent: Bun/1.4.1
 Accept: */*
 Host: registry.npmjs.org
 Accept-Encoding: gzip, deflate, br, zstd
 HTTP/1.1 GET https://registry.npmjs.org/@oxlint%2fbinding-linux-arm-gnueabihf
 Accept: application/vnd.npm.install-v1+json; q=1.0, application/json; q=0.8, */*
 Connection: keep-alive
 User-Agent: Bun/1.4.1
 Host: registry.npmjs.org
 Accept-Encoding: gzip, deflate, br, zstd
< 200 OK
< Date: Sat, 22 Aug 2026 13:39:08 GMT
< Content-Type: application/vnd.npm.install-v1+json
< Transfer-Encoding: chunked
< Connection: keep-alive
< set-cookie: __cf_bm=OLNuHrv.fXt75zdXIK5aF8G_2QQvOj7C98qatsSatsk-1787405948.221957-1.0.1.1-DAFeE9BTWiSV0mVHagOgq6gY33p78NJalscyi8i7ybBmQtsAWegSfDj0N2WwaRxDa108..RtLPRPGz6OK1jQ6Z9a7IwkLNQCVOILNT0ZEq7aHVENWM5zpyc8olFUFOTR; HttpOnly; SameSite=None; Secure; Path=/; Domain=npmjs.org; Expires=Sat, 22 Aug 2026 14:09:08 GMT
< set-cookie: _cfuvid=yNfP1IeWqcljUpuHxoyhu2PUOt2kB3p.BXjSnmQ4E_E-1787405948.221957-1.0.1.1-nIjHXiuBmCOX_dDSDb.SXmwMhAvXRmcoQZnlC8Kyz3M; HttpOnly; SameSite=None; Secure; Path=/; Domain=npmjs.org
< CF-Ray: a2f248286c216109-EWR
< CF-Cache-Status: HIT
< Access-Control-Allow-Origin: *
< Age: 135
< Cache-Control: public, max-age=300
< Vary: accept-encoding, accept
< Last-Modified: Tue, 18 Aug 2026 15:03:35 GMT
< Server: cloudflare
< ETag: W/"dba0ca36b4e80e518e584412bdc52acf"
< Content-Encoding: br

< 200 OK
< Date: Sat, 22 Aug 2026 13:39:08 GMT
< Content-Type: application/vnd.npm.install-v1+json
< Transfer-Encoding: chunked
< Connection: keep-alive
< set-cookie: __cf_bm=4lfBqVlOgzt8D6W3hVlMcwOaUsH3q87.ufhpHi9sYvc-1787405948.2213829-1.0.1.1-OGEBZZy4sV67AaWCZCC9.ov8L86QorqEhdQBMkmQIzwuDGfh4Hc8ucBQVRmDz95kOvH9VJ1UpORDaCxwPHaK3NBoDExtd4HBWcf_7qD5weqAZ0BIQJCOAhn9_0Owse.J; HttpOnly; SameSite=None; Secure; Path=/; Domain=npmjs.org; Expires=Sat, 22 Aug 2026 14:09:08 GMT
< set-cookie: _cfuvid=6eEDGxw7aGkt3ycyY9zrywiQnhqu43Qnl7bC.Bd6NSU-1787405948.2213829-1.0.1.1-Pn2wGMGewi3hmJeHNmtawGofn5XTIsZUTV8frd7DZe0; HttpOnly; SameSite=None; Secure; Path=/; Domain=npmjs.org
< CF-Ray: a2f248286b9a43eb-EWR
< CF-Cache-Status: HIT
< Access-Control-Allow-Origin: *
< Age: 177
< Cache-Control: public, max-age=300
< Vary: accept-encoding, accept
< Last-Modified: Tue, 18 Aug 2026 15:02:50 GMT
< Server: cloudflare
< ETag: W/"6c359c9d34987e33462be92dc1ad6cb7"
< Content-Encoding: br

[PackageManager] waiting for 62 tasks
    [3.18s]
Downloaded @oxfmt/binding-linux-arm-gnueabihf versions
[PackageManager] waiting for 62 tasks
   - "@oxfmt/binding-linux-arm-gnueabihf": "0.64.0" - @oxfmt/binding-linux-arm-gnueabihf@0.64.0
[PackageManager] waiting for 61 tasks
    [3.22s]
Downloaded @oxfmt/binding-linux-ppc64-gnu versions
 HTTP/1.1 GET https://registry.npmjs.org/@oxlint%2fbinding-linux-arm64-gnu
 Accept: application/vnd.npm.install-v1+json; q=1.0, application/json; q=0.8, */*
 Connection: keep-alive
 User-Agent: Bun/1.4.1
 Host: registry.npmjs.org
 Accept-Encoding: gzip, deflate, br, zstd
[PackageManager] waiting for 61 tasks
   - "@oxfmt/binding-linux-ppc64-gnu": "0.64.0" - @oxfmt/binding-linux-ppc64-gnu@0.64.0
< 200 OK
< Date: Sat, 22 Aug 2026 13:39:08 GMT
< Content-Type: application/vnd.npm.install-v1+json
< Transfer-Encoding: chunked
< Connection: keep-alive
< set-cookie: __cf_bm=OCdpxxnmZ9qF6M9ef.GWzTYgiPz7gTaEEDgR7RglS_4-1787405948.6281612-1.0.1.1-x8opVEqEVFTwOAuG4a9NaPhf6VBToCGo1pmAvjGD3gB7p4788GvVy917hQjqZ3_t4Y_Xg6bb8sB06eRKM.Aei8ufwTZLWvB3Ktf4G2nhgJ.iRD07HCU2nUUhlMplDwGP; HttpOnly; SameSite=None; Secure; Path=/; Domain=npmjs.org; Expires=Sat, 22 Aug 2026 14:09:08 GMT
< set-cookie: _cfuvid=lp6iZ.gKJiYKwaHmj3WB0kZDUS8xvjB5B7TKE.U1muI-1787405948.6281612-1.0.1.1-YiXmWtziveobUcaddzaIdEjuHem4lmxrtqN.713.w8c; HttpOnly; SameSite=None; Secure; Path=/; Domain=npmjs.org
< CF-Ray: a2f2482aed7bf5f8-EWR
< CF-Cache-Status: HIT
< Access-Control-Allow-Origin: *
< Age: 260
< Cache-Control: public, max-age=300
< Vary: accept-encoding, accept
< Last-Modified: Sat, 15 Aug 2026 10:19:42 GMT
< Server: cloudflare
< ETag: W/"4325c79d24afe5c171fafdc3185bf690"
< Content-Encoding: br

[PackageManager] waiting for 60 tasks
    [1.51s]
Downloaded pure-rand versions
[PackageManager] waiting for 60 tasks
   - "pure-rand": "^8.0.0" - pure-rand@8.4.2
 HTTP/1.1 GET https://registry.npmjs.org/pure-rand/-/pure-rand-8.4.2.tgz
 Connection: keep-alive
 User-Agent: Bun/1.4.1
 Accept: */*
 Host: registry.npmjs.org
 Accept-Encoding: gzip, deflate, br, zstd
< 200 OK
< Date: Sat, 22 Aug 2026 13:39:08 GMT
< Content-Type: application/vnd.npm.install-v1+json
< Transfer-Encoding: chunked
< Connection: keep-alive
< set-cookie: __cf_bm=VEgkoIW2Wa47MnSfOPp0swxngCmbA2zBzA7jj9_zeHo-1787405948.8356798-1.0.1.1-zM5Cj6oDEMkStl8a1KgEmADFRqQNk16DmT56o9qf1WXRdyoS8GCziISF5GaHWZxvE.yNinun_NYDJ5Gh9lVz4AQilmz3T308Ynu4hgyzLkPzMpxxDxtLavNX.LMZnOkc; HttpOnly; SameSite=None; Secure; Path=/; Domain=npmjs.org; Expires=Sat, 22 Aug 2026 14:09:08 GMT
< set-cookie: _cfuvid=Dds89TvQV3ga7fc_5etk4f02Kjcv19fyhLrJj1W4X04-1787405948.8356798-1.0.1.1-vEbRzj0Cf9wdRu2r9UtE9weIzdnrvumCBI_zf.PiLbI; HttpOnly; SameSite=None; Secure; Path=/; Domain=npmjs.org
< CF-Ray: a2f2482c3da71b43-EWR
< CF-Cache-Status: HIT
< Access-Control-Allow-Origin: *
< Age: 80
< Cache-Control: public, max-age=300
< Vary: accept-encoding, accept
< Last-Modified: Sun, 09 Jun 2024 03:33:13 GMT
< Server: cloudflare
< ETag: W/"bd3b4b1e3f5610221163332933abf1df"
< Content-Encoding: br

< 200 OK
< Date: Sat, 22 Aug 2026 13:39:08 GMT
< Content-Type: application/octet-stream
< Content-Length: 5073
< Connection: keep-alive
< set-cookie: __cf_bm=XLmvXoUREVGMX6prY2PexNgEFy3HrtNbok7Kf1TqJnQ-1787405948.8458958-1.0.1.1-az9.jweSVa5YupdfF5mEQ6na38E_KLgIJfcRm.WhZeX7HT1mI8hTQrc1pSOKHLtBZhMZEbvph_jWph14as5s0aF3_5R83zPe8oCoOAdoXXRnZAIXCWxZF8n_NmVqJoax; HttpOnly; SameSite=None; Secure; Path=/; Domain=npmjs.org; Expires=Sat, 22 Aug 2026 14:09:08 GMT
< set-cookie: _cfuvid=PO2S9F.nmgjh.Z0LkBhUFNJ2JUa7.WNbIpf2RIExttM-1787405948.8458958-1.0.1.1-PtORC0c5LaWhcOWYHSrS4QRqCJnpJHh0.daOxD2QB4o; HttpOnly; SameSite=None; Secure; Path=/; Domain=npmjs.org
< CF-Ray: a2f2482c4fb34faa-EWR
< CF-Cache-Status: HIT
< Accept-Ranges: bytes
< Access-Control-Allow-Origin: *
< Age: 1383350
< Cache-Control: public, immutable, max-age=31557600
< ETag: "6625dd063c19c43ee4c604d3eb1caf2b"
< Last-Modified: Mon, 25 May 2026 13:39:33 GMT
< Server: cloudflare

< 200 OK
< Date: Sat, 22 Aug 2026 13:39:08 GMT
< Content-Type: application/vnd.npm.install-v1+json
< Transfer-Encoding: chunked
< Connection: keep-alive
< set-cookie: __cf_bm=Fxt37NmH.RDKctXHZgveCrdJY7oycGkWr4cRZtpQ6No-1787405948.8362544-1.0.1.1-oNgTGdtC6lcNAFYB5RUnOyxm.GJ_vy5zDIcHcY.qBRmJJqv4tE3LQllJAx3sj6QOtXcqhrGhz.rBS4ZvgV.M.NwboASF4QOqdWU0xY8t8L7o8wSb8Jb4VRhIJtJeNcPm; HttpOnly; SameSite=None; Secure; Path=/; Domain=npmjs.org; Expires=Sat, 22 Aug 2026 14:09:08 GMT
< set-cookie: _cfuvid=nzPVrTESWkXAKcHbNQbjIvDwH1_1HQdbKLRNSN5gLnk-1787405948.8362544-1.0.1.1-8jFvxahi4uRW5k9rjoDNf0S2woQ05EqqacqbFGJiTU4; HttpOnly; SameSite=None; Secure; Path=/; Domain=npmjs.org
< CF-Ray: a2f2482c3ba67095-EWR
< CF-Cache-Status: HIT
< Access-Control-Allow-Origin: *
< Age: 287
< Cache-Control: public, max-age=300
< Vary: accept-encoding, accept
< Last-Modified: Mon, 25 May 2026 13:39:24 GMT
< Server: cloudflare
< ETag: W/"499f98ff7b432f56e09c951addc76e27"
< Content-Encoding: br

< 200 OK
< Date: Sat, 22 Aug 2026 13:39:08 GMT
< Content-Type: application/octet-stream
< Content-Length: 760879
< Connection: keep-alive
< set-cookie: __cf_bm=oLD92sO1WOUTuJu9Q.bL1UC6EBAS54nDiMadw60uSBg-1787405948.8470867-1.0.1.1-OwCwBTBN7EnnKAxjxMSSOYGf.HJC6lT6kmRWKgaXMxoFVLmlrECPuxTVWjGBafRww7TbB4aJiwWY2elwCpEn1Eldnr3WoU9NjCHS3c10KpVVf7o0PUfZ7v_YSeK9fOVc; HttpOnly; SameSite=None; Secure; Path=/; Domain=npmjs.org; Expires=Sat, 22 Aug 2026 14:09:08 GMT
< set-cookie: _cfuvid=wcaGtfd.jSj_SE_6eGtKdwXrfpnljnvfMC9plSoTp9U-1787405948.8470867-1.0.1.1-Xo4EZr4Z5j2mLqxh9hJH.PlzvUNVA.g_IrBKwbLC2dA; HttpOnly; SameSite=None; Secure; Path=/; Domain=npmjs.org
< CF-Ray: a2f2482c4df43d85-EWR
< CF-Cache-Status: HIT
< Accept-Ranges: bytes
< Access-Control-Allow-Origin: *
< Age: 170851
< Cache-Control: public, immutable, max-age=31557600
< ETag: "b5a091f7ede48c55be0dd835b1770fb6"
< Last-Modified: Thu, 20 Aug 2026 14:11:37 GMT
< Server: cloudflare

[PackageManager] waiting for 60 tasks
    [674.58ms] Downloaded msgpackr-extract tarball
< 200 OK
< Date: Sat, 22 Aug 2026 13:39:08 GMT
< Content-Type: application/vnd.npm.install-v1+json
< Transfer-Encoding: chunked
< Connection: keep-alive
< set-cookie: __cf_bm=ywTWGRssG8mCqn6If.JM2AWYKXB0sExZQUYbwxGXg9M-1787405948.846044-1.0.1.1-EeyEMGz5hoZ7UDhsguYGOBrzSqgknbjmF8u39xf5sZErmvVMMATqdLJvqCUwES_.oBhIDZNjNllLMIjB8hUMu16fArpd60IDP7hn6Mk8gcfcNNjqjhNnhqjHYLi_eTDr; HttpOnly; SameSite=None; Secure; Path=/; Domain=npmjs.org; Expires=Sat, 22 Aug 2026 14:09:08 GMT
< set-cookie: _cfuvid=1ks.GHT85xtRyAdJHoeRUzTpqF7.G0it5g1nPHuWLcU-1787405948.846044-1.0.1.1-UFXOOTrclIGOeAIJE2LQTssNKFQnlopvdNQXbwEXXLc; HttpOnly; SameSite=None; Secure; Path=/; Domain=npmjs.org
< CF-Ray: a2f2482c4dca7039-EWR
< CF-Cache-Status: HIT
< Access-Control-Allow-Origin: *
< Age: 71
< Cache-Control: public, max-age=300
< Vary: accept-encoding, accept
< Last-Modified: Fri, 07 Aug 2026 17:52:12 GMT
< Server: cloudflare
< ETag: W/"83206a8b91dc28428c6273f626eba8e3"
< Content-Encoding: br

 LICENSE
 src/extract.cpp
 binding.gyp
 bin/download-prebuilds.js
 index.js
 package.json
 README.md
[msgpackr-extract] Extract .8c06c05bde57b8bd-5.msgpackr-extract (5.1 KB tgz file)
[msgpackr-extract] Extracted to .8c06c05bde57b8bd-5.msgpackr-extract (6.7ms)
[PackageManager] waiting for 60 tasks
[PackageManager] waiting for 59 tasks
    [752.48ms]
Downloaded @msgpackr-extract/msgpackr-extract-darwin-x64 versions
[PackageManager] waiting for 59 tasks
   - "@msgpackr-extract/msgpackr-extract-darwin-x64": "3.0.4" - @msgpackr-extract/msgpackr-extract-darwin-x64@3.0.4
[PackageManager] waiting for 58 tasks
    [760.72ms]
Downloaded node-gyp-build-optional-packages versions
[PackageManager] waiting for 58 tasks
   - "node-gyp-build-optional-packages": "5.2.2" - node-gyp-build-optional-packages@5.2.2
Enqueue package manifest for download: detect-libc
 HTTP/1.1 GET https://registry.npmjs.org/detect-libc
 Accept: application/vnd.npm.install-v1+json; q=1.0, application/json; q=0.8, */*
 Connection: keep-alive
 User-Agent: Bun/1.4.1
 Host: registry.npmjs.org
 Accept-Encoding: gzip, deflate, br, zstd
 HTTP/1.1 GET https://registry.npmjs.org/node-gyp-build-optional-packages/-/node-gyp-build-optional-packages-5.2.2.tgz
 Connection: keep-alive
 User-Agent: Bun/1.4.1
 Accept: */*
 Host: registry.npmjs.org
 Accept-Encoding: gzip, deflate, br, zstd
< 200 OK
< Date: Sat, 22 Aug 2026 13:39:08 GMT
< Content-Type: application/vnd.npm.install-v1+json
< Transfer-Encoding: chunked
< Connection: keep-alive
< set-cookie: __cf_bm=GDREwgRrwhkX1tS1W7yVGZmmSUzhkmZ.M0vMMxOCCdk-1787405948.8356605-1.0.1.1-DSSEAq4Jq8fn3lj3KO9.Z6oXlbPuBvp1bMPWCyRM..eIpkB4EdWxfpL69arKVqdZ79H.LHyEcAsHj2n0sHt2w_OMKlIq6crUgQjGxrb1pfmwX5sXyVVucVoLFT6S6Zie; HttpOnly; SameSite=None; Secure; Path=/; Domain=npmjs.org; Expires=Sat, 22 Aug 2026 14:09:08 GMT
< set-cookie: _cfuvid=xvxoxpE.Hsx9NJjqmyPYE_YwE44dFyxbGKhpYwXXiUw-1787405948.8356605-1.0.1.1-d90yCoETBF6pSl6fKXUZNKx8Fa7A2P2k2Tk89wl33fs; HttpOnly; SameSite=None; Secure; Path=/; Domain=npmjs.org
< CF-Ray: a2f2482c3fb97b0e-EWR
< CF-Cache-Status: HIT
< Access-Control-Allow-Origin: *
< Age: 158
< Cache-Control: public, max-age=300
< Vary: accept-encoding, accept
< Last-Modified: Mon, 25 May 2026 13:39:26 GMT
< Server: cloudflare
< ETag: W/"eeec4025464951c902584ccb0c26ae11"
< Content-Encoding: br

< 200 OK
< Date: Sat, 22 Aug 2026 13:39:08 GMT
< Content-Type: application/vnd.npm.install-v1+json
< Transfer-Encoding: chunked
< Connection: keep-alive
< set-cookie: __cf_bm=0oNJ1G4qb1KzcV92ekb_1.4TtkTD6aUIg3qtXkThOEs-1787405948.8357313-1.0.1.1-_a_pzFebn9mSePBuhxhiaCly8i.75sZ4D4RW._nhLxIGzIDwtIppShevG3J9lJbLkKayMo20vt6qdNIpqGp2Linwz_HQZSTPZm7pv5Za.iwipEo56Sn8mG8egxDZo2uZ; HttpOnly; SameSite=None; Secure; Path=/; Domain=npmjs.org; Expires=Sat, 22 Aug 2026 14:09:08 GMT
< set-cookie: _cfuvid=tOBYRiKYLtOvuDRTuuEb8FXU5Kv4z8Ja7HH3V74Jx7Q-1787405948.8357313-1.0.1.1-yih8K.ZKptmnz88gcVBrQfHtk65FInuGLCTGUwoadws; HttpOnly; SameSite=None; Secure; Path=/; Domain=npmjs.org
< CF-Ray: a2f2482c3db41c3f-EWR
< CF-Cache-Status: HIT
< Access-Control-Allow-Origin: *
< Age: 195
< Cache-Control: public, max-age=300
< Vary: accept-encoding, accept
< Last-Modified: Mon, 25 May 2026 13:39:31 GMT
< Server: cloudflare
< ETag: W/"1a87a3cca5a96c1a74fa05a7d48b0870"
< Content-Encoding: br

< 200 OK
< Date: Sat, 22 Aug 2026 13:39:08 GMT
< Content-Type: application/vnd.npm.install-v1+json
< Transfer-Encoding: chunked
< Connection: keep-alive
< set-cookie: __cf_bm=j0v1r7Horph6WY6kUxhgWRmqWAzz_e7NrpPLPDf5FEc-1787405948.8459067-1.0.1.1-ep8aIUcp1cinQiTem6fAP9ggwqOh6qmpiiJLx_g0hZ8MSsXEUX50lyAMEWBRVOBT5IJ3GPNBnJ2iYajTrJWptJ9JNcwnz8lOcE2PdhuhkzpwQ7gB_INBt9YSkcyfK7.P; HttpOnly; SameSite=None; Secure; Path=/; Domain=npmjs.org; Expires=Sat, 22 Aug 2026 14:09:08 GMT
< set-cookie: _cfuvid=pnlX1gC2.wQF4EBGUsLhiMsq_uNuo09l0HbCf7b1o2k-1787405948.8459067-1.0.1.1-gTuTbInYA.oWZgY438V6uaKgyK8nUDOUXCS8wdveVZU; HttpOnly; SameSite=None; Secure; Path=/; Domain=npmjs.org
< CF-Ray: a2f2482c4f053788-EWR
< CF-Cache-Status: HIT
< Access-Control-Allow-Origin: *
< Cache-Control: public, max-age=300
< Vary: accept-encoding, accept
< Last-Modified: Mon, 25 May 2026 13:39:28 GMT
< Server: cloudflare
< ETag: W/"3a4a49bd6ea6f3e04d55cbcf403115a8"
< Content-Encoding: br

< 200 OK
< Date: Sat, 22 Aug 2026 13:39:08 GMT
< Content-Type: application/vnd.npm.install-v1+json
< Transfer-Encoding: chunked
< Connection: keep-alive
< set-cookie: __cf_bm=SlXWLOdLimDWYyH9UvympLY1hbXMc7SWN18tewY0WQU-1787405948.846036-1.0.1.1-ry.M2uoVBnmAN5DzrOixWWHjvfgjGlWDcmhhagTx67L_6iYbxLwjA5Qc.yTLLw4BxQOlIgb481hBrS7oD0eEzH1w9vowhzJvDY_yg_jYfRIIA5198SYc1xhJjsJbB6Zm; HttpOnly; SameSite=None; Secure; Path=/; Domain=npmjs.org; Expires=Sat, 22 Aug 2026 14:09:08 GMT
< set-cookie: _cfuvid=2D_unMHXaEubpQWbxA0Mf9wSdKVc.NPi_PBpsZfklHw-1787405948.846036-1.0.1.1-BFjKvKwdBexhCO9D5bg0I_wnDViuRmoFES3r1B_2Iys; HttpOnly; SameSite=None; Secure; Path=/; Domain=npmjs.org
< CF-Ray: a2f2482c4c57f797-EWR
< CF-Cache-Status: HIT
< Access-Control-Allow-Origin: *
< Cache-Control: public, max-age=300
< Vary: accept-encoding, accept
< Last-Modified: Mon, 25 May 2026 13:39:29 GMT
< Server: cloudflare
< ETag: W/"5ad788075cb14236f2f3c4a724b17f1b"
< Content-Encoding: br

< 200 OK
< Date: Sat, 22 Aug 2026 13:39:08 GMT
< Content-Type: application/vnd.npm.install-v1+json
< Transfer-Encoding: chunked
< Connection: keep-alive
< set-cookie: __cf_bm=MHOqvKvUq2b6milS3Q0w5K1L7yB_Or0nGJf9MINzMxw-1787405948.8460603-1.0.1.1-CieWzDhVxgcqVo_8jTSVHXttX0a9KiOjbwJSWJ14DyBLsB77SQavYRMrMeVT2g1X3TZsjUb.9B_Ijwe1YnRSIgboB3faplsDRU3DODA1LIwdqnd98UmoXngp6KfoA71M; HttpOnly; SameSite=None; Secure; Path=/; Domain=npmjs.org; Expires=Sat, 22 Aug 2026 14:09:08 GMT
< set-cookie: _cfuvid=uFxEMU8ozllJjFWs7VOCYuQWeeJG_DNxQhD7OCw1vXY-1787405948.8460603-1.0.1.1-l5pcdwfCCoV1hFDra1RnedzwDNSN6edlZaxD0IlTuz0; HttpOnly; SameSite=None; Secure; Path=/; Domain=npmjs.org
< CF-Ray: a2f2482c4c1a8c05-EWR
< CF-Cache-Status: HIT
< Access-Control-Allow-Origin: *
< Age: 215
< Cache-Control: public, max-age=300
< Vary: accept-encoding, accept
< Last-Modified: Mon, 25 May 2026 13:12:05 GMT
< Server: cloudflare
< ETag: W/"f644d70a7320069c2d18910d09d9069f"
< Content-Encoding: br

[PackageManager] waiting for 59 tasks
    [844.20ms]
Downloaded @msgpackr-extract/msgpackr-extract-linux-x64 versions
[PackageManager] waiting for 59 tasks
   - "@msgpackr-extract/msgpackr-extract-linux-x64": "3.0.4" - @msgpackr-extract/msgpackr-extract-linux-x64@3.0.4
[PackageManager] waiting for 58 tasks
    [872.69ms]
Downloaded @msgpackr-extract/msgpackr-extract-linux-arm versions
[PackageManager] waiting for 58 tasks
   - "@msgpackr-extract/msgpackr-extract-linux-arm": "3.0.4" - @msgpackr-extract/msgpackr-extract-linux-arm@3.0.4
[PackageManager] waiting for 57 tasks
    [885.97ms]
Downloaded @msgpackr-extract/msgpackr-extract-win32-x64 versions
[PackageManager] waiting for 57 tasks
   - "@msgpackr-extract/msgpackr-extract-win32-x64": "3.0.4" - @msgpackr-extract/msgpackr-extract-win32-x64@3.0.4
[PackageManager] waiting for 56 tasks
    [900.08ms]
Downloaded @msgpackr-extract/msgpackr-extract-darwin-arm64 versions
[PackageManager] waiting for 56 tasks
   - "@msgpackr-extract/msgpackr-extract-darwin-arm64": "3.0.4" - @msgpackr-extract/msgpackr-extract-darwin-arm64@3.0.4
 HTTP/1.1 GET https://registry.npmjs.org/@oxlint%2fbinding-linux-riscv64-musl
 Accept: application/vnd.npm.install-v1+json; q=1.0, application/json; q=0.8, */*
 Connection: keep-alive
 User-Agent: Bun/1.4.1
 Host: registry.npmjs.org
 Accept-Encoding: gzip, deflate, br, zstd
[PackageManager] waiting for 55 tasks
    [964.79ms]
Downloaded @msgpackr-extract/msgpackr-extract-linux-arm64 versions
[PackageManager] waiting for 55 tasks
   - "@msgpackr-extract/msgpackr-extract-linux-arm64": "3.0.4" - @msgpackr-extract/msgpackr-extract-linux-arm64@3.0.4
 HTTP/1.1 GET https://registry.npmjs.org/@msgpackr-extract/msgpackr-extract-linux-arm64/-/msgpackr-extract-linux-arm64-3.0.4.tgz
 Connection: keep-alive
 User-Agent: Bun/1.4.1
 Accept: */*
 Host: registry.npmjs.org
 Accept-Encoding: gzip, deflate, br, zstd
 HTTP/1.1 GET https://registry.npmjs.org/@oxfmt%2fbinding-win32-ia32-msvc
 Accept: application/vnd.npm.install-v1+json; q=1.0, application/json; q=0.8, */*
 Connection: keep-alive
 User-Agent: Bun/1.4.1
 Host: registry.npmjs.org
 Accept-Encoding: gzip, deflate, br, zstd
[PackageManager] waiting for 55 tasks
    [4.27s]
Downloaded @effect/tsgo-linux-arm64 versions
[PackageManager] waiting for 55 tasks
   - "@effect/tsgo-linux-arm64": "0.36.5" - @effect/tsgo-linux-arm64@0.36.5
 HTTP/1.1 GET https://registry.npmjs.org/@effect/tsgo-linux-arm64/-/tsgo-linux-arm64-0.36.5.tgz
 Connection: keep-alive
 User-Agent: Bun/1.4.1
 Accept: */*
 Host: registry.npmjs.org
 Accept-Encoding: gzip, deflate, br, zstd
< 200 OK
< Date: Sat, 22 Aug 2026 13:39:09 GMT
< Content-Type: application/octet-stream
< Content-Length: 15060
< Connection: keep-alive
< set-cookie: __cf_bm=yv33yAoZ2S3qEEwB.EeGoK44ahWHtVJIluadSo.o230-1787405949.3659968-1.0.1.1-TTbAgnpGN_Ur7WoTTuWxY1VhB.0DOcHH03u9VIBJZl1L_FiI52_RH4GCF2FzKjdfK3P8UUKtCjDhBnW.K968.uvZz93sgM2MU8dY9Z4MdudhWKakiXXQXih69g54YcZ0; HttpOnly; SameSite=None; Secure; Path=/; Domain=npmjs.org; Expires=Sat, 22 Aug 2026 14:09:09 GMT
< set-cookie: _cfuvid=i7khF7lH7.Uww1RrLUK0M6C1tg6_Kyt3VPdgGGWGop4-1787405949.3659968-1.0.1.1-8zEeRYaHXTCuFfLqZP3GAvLQ_jbDczyfL2gTCCLmlYg; HttpOnly; SameSite=None; Secure; Path=/; Domain=npmjs.org
< CF-Ray: a2f2482f889743eb-EWR
< CF-Cache-Status: HIT
< Accept-Ranges: bytes
< Access-Control-Allow-Origin: *
< Age: 1256386
< Cache-Control: public, immutable, max-age=31557600
< ETag: "93c16ac28c15b2a516b149f051398bc5"
< Last-Modified: Fri, 10 Jul 2026 07:55:12 GMT
< Server: cloudflare

 HTTP/1.1 GET https://registry.npmjs.org/@effect%2ftsgo-darwin-arm64
 Accept: application/vnd.npm.install-v1+json; q=1.0, application/json; q=0.8, */*
 Connection: keep-alive
 User-Agent: Bun/1.4.1
 Host: registry.npmjs.org
 Accept-Encoding: gzip, deflate, br, zstd
[PackageManager] waiting for 55 tasks
    [5.47s] Downloaded pure-rand tarball
 LICENSE
 lib/esm/generator/congruential32.js
 lib/generator/congruential32.js
 lib/esm/utils/generateN.js
 lib/utils/generateN.js
 lib/esm/types/JumpableRandomGenerator.js
 lib/types/JumpableRandomGenerator.js
 lib/esm/generator/mersenne.js
 lib/generator/mersenne.js
 lib/esm/utils/purify.js
 lib/utils/purify.js
 lib/esm/types/RandomGenerator.js
 lib/types/RandomGenerator.js
 lib/esm/utils/skipN.js
 lib/utils/skipN.js
 lib/distribution/uniformBigInt.js
 lib/esm/distribution/uniformBigInt.js
 lib/distribution/uniformFloat32.js
 lib/esm/distribution/uniformFloat32.js
 lib/distribution/uniformFloat64.js
 lib/esm/distribution/uniformFloat64.js
 lib/distribution/uniformInt.js
 lib/esm/distribution/uniformInt.js
 lib/esm/generator/xoroshiro128plus.js
 lib/generator/xoroshiro128plus.js
 lib/esm/generator/xorshift128plus.js
 lib/generator/xorshift128plus.js
 lib/esm/package.json
 package.json
 README.md
 lib/esm/generator/congruential32.d.ts
 lib/generator/congruential32.d.ts
 lib/esm/utils/generateN.d.ts
 lib/utils/generateN.d.ts
 lib/esm/types/JumpableRandomGenerator.d.ts
 lib/types/JumpableRandomGenerator.d.ts
 lib/esm/generator/mersenne.d.ts
 lib/generator/mersenne.d.ts
 lib/esm/utils/purify.d.ts
 lib/utils/purify.d.ts
 lib/esm/RandomGenerator-DcXj09Ch.d.ts
 lib/RandomGenerator-DcXj09Ch.d.ts
 lib/esm/types/RandomGenerator.d.ts
 lib/types/RandomGenerator.d.ts
 lib/esm/utils/skipN.d.ts
 lib/utils/skipN.d.ts
 lib/distribution/uniformBigInt.d.ts
 lib/esm/distribution/uniformBigInt.d.ts
 lib/distribution/uniformFloat32.d.ts
 lib/esm/distribution/uniformFloat32.d.ts
 lib/distribution/uniformFloat64.d.ts
 lib/esm/distribution/uniformFloat64.d.ts
 lib/distribution/uniformInt.d.ts
 lib/esm/distribution/uniformInt.d.ts
 lib/esm/generator/xoroshiro128plus.d.ts
 lib/generator/xoroshiro128plus.d.ts
 lib/esm/generator/xorshift128plus.d.ts
 lib/generator/xorshift128plus.d.ts
[pure-rand] Extract .c9c01f9f6d441a70-6.pure-rand (15.1 KB tgz file)
[pure-rand] Extracted to .c9c01f9f6d441a70-6.pure-rand (34.2ms)
[PackageManager] waiting for 55 tasks
< 200 OK
< Date: Sat, 22 Aug 2026 13:39:09 GMT
< Content-Type: application/octet-stream
< Content-Length: 5710
< Connection: keep-alive
< set-cookie: __cf_bm=qKTO6H1Uoz4Fqr47LhPDOJmqjeXKjq39wiSdelbkK9Y-1787405949.610857-1.0.1.1-REzDnQ5ZglRixZUTwlr_6hSws_eTuf0WjBdvOxVru.e2IzInAJeDnyceCnKar7o_DKpLtAxlotMMIelzoqjr0kFW.S6PEP0BNILKzmpRNxjOoMGFv3yOsGHKsLYepLa3; HttpOnly; SameSite=None; Secure; Path=/; Domain=npmjs.org; Expires=Sat, 22 Aug 2026 14:09:09 GMT
< set-cookie: _cfuvid=P4oDPzbXEFmcCop88Rp.z.xbdcxTsoOhabhbAvHgnJY-1787405949.610857-1.0.1.1-YydpfQ3XKMloocYO0URiq_TqI8ZWJZjXOXwvw_BeFHE; HttpOnly; SameSite=None; Secure; Path=/; Domain=npmjs.org
< CF-Ray: a2f248311d9a6109-EWR
< CF-Cache-Status: HIT
< Accept-Ranges: bytes
< Access-Control-Allow-Origin: *
< Age: 1384843
< Cache-Control: public, immutable, max-age=31557600
< ETag: "c8df298b94a2ec3173ebc651c9d82d77"
< Last-Modified: Sun, 09 Jun 2024 03:33:13 GMT
< Server: cloudflare

< 200 OK
< Date: Sat, 22 Aug 2026 13:39:09 GMT
< Content-Type: application/vnd.npm.install-v1+json
< Transfer-Encoding: chunked
< Connection: keep-alive
< set-cookie: __cf_bm=Cj5lrlvWk9hX1TGm28ljOjoL_2c5XRyvSZ2L0176LV4-1787405949.6107635-1.0.1.1-bNM8DHc4slIaCZmnVJfYuJzJVhrxYyKYLRt3anAQZEX5.NYLf3UJhvHLzMUHAp60DgO1.dzqxurBmKw6GsXV_fBt9.ZGE55duokeGF0umsou0DD6zkFy369n1OLeVhyv; HttpOnly; SameSite=None; Secure; Path=/; Domain=npmjs.org; Expires=Sat, 22 Aug 2026 14:09:09 GMT
< set-cookie: _cfuvid=hvBJ2TNtgm.ccFefqOwtEchHNLXTptcxHJZbxJ4U4Zk-1787405949.6107635-1.0.1.1-ocMidhOKRwLrOjIsDhhhkZl_DXslt3BufbSChTGd1wE; HttpOnly; SameSite=None; Secure; Path=/; Domain=npmjs.org
< CF-Ray: a2f248311e774faa-EWR
< CF-Cache-Status: HIT
< Access-Control-Allow-Origin: *
< Age: 98
< Cache-Control: public, max-age=300
< Vary: accept-encoding, accept
< Last-Modified: Sun, 05 Oct 2025 12:46:35 GMT
< Server: cloudflare
< ETag: W/"032b5959898d4d5feb260fe6a1f02d79"
< Content-Encoding: br

[PackageManager] waiting for 54 tasks
    [969.05ms] Downloaded node-gyp-build-optional-packages tarball
 LICENSE
 bin.js
 build-test.js
 index.js
 node-gyp-build.js
 optional.js
 package.json
 README.md
[node-gyp-build-optional-packages] Extract .1a03d152f6f3532e-7.node-gyp-build-optional-packages (5.71 KB tgz file)
[node-gyp-build-optional-packages] Extracted to .1a03d152f6f3532e-7.node-gyp-build-optional-packages (5.7ms)
[PackageManager] waiting for 54 tasks
[PackageManager] waiting for 53 tasks
    [1012.07ms]
Downloaded detect-libc versions
[PackageManager] waiting for 53 tasks
   - "detect-libc": "^2.0.1" - detect-libc@2.1.2
 HTTP/1.1 GET https://registry.npmjs.org/detect-libc/-/detect-libc-2.1.2.tgz
 Connection: keep-alive
 User-Agent: Bun/1.4.1
 Accept: */*
 Host: registry.npmjs.org
 Accept-Encoding: gzip, deflate, br, zstd
< 200 OK
< Date: Sat, 22 Aug 2026 13:39:09 GMT
< Content-Type: application/vnd.npm.install-v1+json
< Transfer-Encoding: chunked
< Connection: keep-alive
< set-cookie: __cf_bm=sMSMmMIgPnx48JCWfTLaxcaiWfWc3nK13a0jh6bwZDY-1787405949.8115678-1.0.1.1-tYtHPK4lN0G1xf866rqyKf0cafMfQ3Tm5itOtdGNgZRnAPGEnJFe6ZOYx8sj7Une4geK1XOLLoA1rfOBBD.8UsWO2iehno5TqiVdJf0U6boztCnq1P3Gr9hCATQIIPNR; HttpOnly; SameSite=None; Secure; Path=/; Domain=npmjs.org; Expires=Sat, 22 Aug 2026 14:09:09 GMT
< set-cookie: _cfuvid=5DLxa4oyL6OMSVvossfk.gvJiNsnEwhgLnRDRpE_m6o-1787405949.8115678-1.0.1.1-7Il3WEPd8dQu6DId9pBijDhaoeTq2.76zAUx5GNRcJU; HttpOnly; SameSite=None; Secure; Path=/; Domain=npmjs.org
< CF-Ray: a2f248325a84ae70-EWR
< CF-Cache-Status: HIT
< Access-Control-Allow-Origin: *
< Age: 252
< Cache-Control: public, max-age=300
< Vary: accept-encoding, accept
< Last-Modified: Tue, 18 Aug 2026 15:06:55 GMT
< Server: cloudflare
< ETag: W/"79cea0a03936ebd7c76513c638edb6f5"
< Content-Encoding: br

< 200 OK
< Date: Sat, 22 Aug 2026 13:39:09 GMT
< Content-Type: application/octet-stream
< Content-Length: 6875
< Connection: keep-alive
< set-cookie: __cf_bm=cdcjG6OmCgc6xqD1YxgBlWlRMdJmpZQSTEjxCz39qqs-1787405949.810769-1.0.1.1-LbIWL3_mS1TR34Q3bezlLRX2.ydE5Wr0fY2igNEHC9n6f8UIl65VDnIeXlVB1pDfTmCXBqdrEFt3bIuwVI2Xjc0OPRV4J2ngtniEp5CuEAB8OImqUBzPFXw66F.foDCw; HttpOnly; SameSite=None; Secure; Path=/; Domain=npmjs.org; Expires=Sat, 22 Aug 2026 14:09:09 GMT
< set-cookie: _cfuvid=CIsu2iuWxf6KJLanpjUKtRCg6dZnXTSObRb3.2K.XGQ-1787405949.810769-1.0.1.1-JNDykegBGYYQAzYVMRNVDdTjJA8KAU1bamjmpZ3w5.U; HttpOnly; SameSite=None; Secure; Path=/; Domain=npmjs.org
< CF-Ray: a2f248325c1d3788-EWR
< CF-Cache-Status: HIT
< Accept-Ranges: bytes
< Access-Control-Allow-Origin: *
< Age: 1592342
< Cache-Control: public, must-revalidate, max-age=31557600
< ETag: "356c4346deacd87cabd1be0a0eabcb57"
< Last-Modified: Mon, 25 May 2026 13:39:29 GMT
< Server: cloudflare

[PackageManager] waiting for 53 tasks
    [5.84s] Downloaded @msgpackr-extract/msgpackr-extract-linux-arm64 tarball
 index.js
 package.json
 README.md
 node.abi115.musl.node
 node.napi.musl.node
[@msgpackr-extract/msgpackr-extract-linux-arm64] Extract .de841f48ccdefda-8.msgpackr-extract-linux-arm64 (6.88 KB tgz file)
[@msgpackr-extract/msgpackr-extract-linux-arm64] Extracted to .de841f48ccdefda-8.msgpackr-extract-linux-arm64 (2.8ms)
[PackageManager] waiting for 53 tasks
< 200 OK
< Date: Sat, 22 Aug 2026 13:39:09 GMT
< Content-Type: application/vnd.npm.install-v1+json
< Transfer-Encoding: chunked
< Connection: keep-alive
< set-cookie: __cf_bm=BRQ2JAZDuRgVfLRbdf0FX2h14TJTOs8fQKkzjo6K6Gs-1787405949.8566988-1.0.1.1-AA.VroLBVVqg2BEPREjUbjCH9DhInIJJ9n32L2sQOKr2gvxrLMpSW2D0qfoZhnoKjwvaE1NUmB4kN9aM0QSCkN9Vp5ssCiRjt1hM74dwylUstgU9LfBBESS0Z8OIrIlJ; HttpOnly; SameSite=None; Secure; Path=/; Domain=npmjs.org; Expires=Sat, 22 Aug 2026 14:09:09 GMT
< set-cookie: _cfuvid=nU29oA1rw98HK5nY4KPqF6eNB.j0mM2wPa9jBLiaTTY-1787405949.8566988-1.0.1.1-Er33waZ7FIIa_pnQ3.FNc_MypieDID1oUC3XiCphQRg; HttpOnly; SameSite=None; Secure; Path=/; Domain=npmjs.org
< CF-Ray: a2f24832984f1efc-EWR
< CF-Cache-Status: HIT
< Access-Control-Allow-Origin: *
< Age: 57
< Cache-Control: public, max-age=300
< Vary: accept-encoding, accept
< Last-Modified: Tue, 18 Aug 2026 15:05:07 GMT
< Server: cloudflare
< ETag: W/"40e0ffee00a28800d03cb57276029298"
< Content-Encoding: br

 HTTP/1.1 GET https://registry.npmjs.org/@effect%2ftsgo-darwin-x64
 Accept: application/vnd.npm.install-v1+json; q=1.0, application/json; q=0.8, */*
 Connection: keep-alive
 User-Agent: Bun/1.4.1
 Host: registry.npmjs.org
 Accept-Encoding: gzip, deflate, br, zstd
[PackageManager] waiting for 52 tasks
    [4.16s]
Downloaded @oxlint/binding-linux-riscv64-musl versions
[PackageManager] waiting for 52 tasks
   - "@oxlint/binding-linux-riscv64-musl": "1.78.0" - @oxlint/binding-linux-riscv64-musl@1.78.0
[PackageManager] waiting for 51 tasks
    [4.17s]
Downloaded @oxlint/binding-linux-arm-gnueabihf versions
[PackageManager] waiting for 51 tasks
   - "@oxlint/binding-linux-arm-gnueabihf": "1.78.0" - @oxlint/binding-linux-arm-gnueabihf@1.78.0
< 200 OK
< Date: Sat, 22 Aug 2026 13:39:10 GMT
< Content-Type: application/vnd.npm.install-v1+json
< Transfer-Encoding: chunked
< Connection: keep-alive
< set-cookie: __cf_bm=W9n4CLi4V1M66PnY0bEREJ5d4mkupv2QFwOy6506X8M-1787405950.0223947-1.0.1.1-8Dq.7wTiuB8WBFtNaA6agcpvZlCTfDEWPzcG4O7XTEx9GIFfBMk.x0AdiXKn5Tpp6H89hEqZvJB4zIjkcNR527ZaE6Hgdw.1y4OdzUXNCbqq7RB0WtA_NqYi37..xO5t; HttpOnly; SameSite=None; Secure; Path=/; Domain=npmjs.org; Expires=Sat, 22 Aug 2026 14:09:10 GMT
< set-cookie: _cfuvid=xVz0gSWE8lm_iYNQYNIma.XxG9GhS4eBy3KixH.8iBo-1787405950.0223947-1.0.1.1-I.YUUKyATtNRHt5D.7hlTW.hIB47PXHYpHNyNnkPzy0; HttpOnly; SameSite=None; Secure; Path=/; Domain=npmjs.org
< CF-Ray: a2f24833ad5bc882-EWR
< CF-Cache-Status: HIT
< Access-Control-Allow-Origin: *
< Age: 184
< Cache-Control: public, max-age=300
< Vary: accept-encoding, accept
< Last-Modified: Tue, 18 Aug 2026 15:07:55 GMT
< Server: cloudflare
< ETag: W/"a931f71791065e0e5d91ae9299843e99"
< Content-Encoding: br

[PackageManager] waiting for 50 tasks
    [4.33s]
Downloaded @oxlint/binding-linux-arm64-gnu versions
[PackageManager] waiting for 50 tasks
   - "@oxlint/binding-linux-arm64-gnu": "1.78.0" - @oxlint/binding-linux-arm64-gnu@1.78.0
 HTTP/1.1 GET https://registry.npmjs.org/@oxlint/binding-linux-arm64-gnu/-/binding-linux-arm64-gnu-1.78.0.tgz
 Connection: keep-alive
 User-Agent: Bun/1.4.1
 Accept: */*
 Host: registry.npmjs.org
 Accept-Encoding: gzip, deflate, br, zstd
< 200 OK
< Date: Sat, 22 Aug 2026 13:39:10 GMT
< Content-Type: application/vnd.npm.install-v1+json
< Transfer-Encoding: chunked
< Connection: keep-alive
< set-cookie: __cf_bm=QdSs1qs5qNtzhRD1n2w65L0t.bQj_fO0gZYmNOi2KXQ-1787405950.2014527-1.0.1.1-WCLTCUueIRw_SL531BfE8aQANwrq07pALVWtrfi8J2OaUZ2myY0EmSMcjehRpehJ4JsSY2n49HTq.F7ZWZKCaCwYztBLB05LgR0dvJRJAFu9Qg1ET_eQwRROkV1VIhzg; HttpOnly; SameSite=None; Secure; Path=/; Domain=npmjs.org; Expires=Sat, 22 Aug 2026 14:09:10 GMT
< set-cookie: _cfuvid=Ec1kOu7BcSzFqqI7rH16JjtL.phB3Ga8Sir7Fv31R2I-1787405950.2014527-1.0.1.1-1Mh8yi_ll2tCG7VQ3NknWPAR8ZiQpaoNSIh6xTq9B1U; HttpOnly; SameSite=None; Secure; Path=/; Domain=npmjs.org
< CF-Ray: a2f24834ccb341c3-EWR
< CF-Cache-Status: HIT
< Access-Control-Allow-Origin: *
< Age: 155
< Cache-Control: public, max-age=300
< Vary: accept-encoding, accept
< Last-Modified: Tue, 18 Aug 2026 15:03:17 GMT
< Server: cloudflare
< ETag: W/"30fed6ef080807486c56ea969b1b3540"
< Content-Encoding: br

 HTTP/1.1 GET https://registry.npmjs.org/@oxlint%2fbinding-openharmony-arm64
 Accept: application/vnd.npm.install-v1+json; q=1.0, application/json; q=0.8, */*
 Connection: keep-alive
 User-Agent: Bun/1.4.1
 Host: registry.npmjs.org
 Accept-Encoding: gzip, deflate, br, zstd
[PackageManager] waiting for 50 tasks
    [5.31s]
Downloaded @oxfmt/binding-win32-ia32-msvc versions
[PackageManager] waiting for 50 tasks
   - "@oxfmt/binding-win32-ia32-msvc": "0.64.0" - @oxfmt/binding-win32-ia32-msvc@0.64.0
 HTTP/1.1 GET https://registry.npmjs.org/@oxlint%2fbinding-linux-riscv64-gnu
 Accept: application/vnd.npm.install-v1+json; q=1.0, application/json; q=0.8, */*
 Connection: keep-alive
 User-Agent: Bun/1.4.1
 Host: registry.npmjs.org
 Accept-Encoding: gzip, deflate, br, zstd
 HTTP/1.1 GET https://registry.npmjs.org/@oxlint%2fbinding-linux-x64-gnu
 Accept: application/vnd.npm.install-v1+json; q=1.0, application/json; q=0.8, */*
 Connection: keep-alive
 User-Agent: Bun/1.4.1
 Host: registry.npmjs.org
 Accept-Encoding: gzip, deflate, br, zstd
< 200 OK
< Date: Sat, 22 Aug 2026 13:39:10 GMT
< Content-Type: application/octet-stream
< Content-Length: 49581368
< Connection: keep-alive
< set-cookie: __cf_bm=8G6TgZYThVm4aWJl3GQD4h3oikSC3IB5UWMEveNwZv4-1787405950.3111312-1.0.1.1-iVlZKYIC9XUdYLSGm.2RSDgvzZ.koFmKXO.AiGBeNGMkfeL0Q0YjYzLe.RAxuL.NlQvTi_Rtp1ghFDN0kI4RmSSpzhD1nwElK_PyjYnq.z2vRT4U.GPSRfARLbxsPzqe; HttpOnly; SameSite=None; Secure; Path=/; Domain=npmjs.org; Expires=Sat, 22 Aug 2026 14:09:10 GMT
< set-cookie: _cfuvid=1hGUw8Vtk4.seU0ABHFG7IG_OsSRnuAcNk4A2htFSkI-1787405950.3111312-1.0.1.1-xznujuOY.B6P6mKvQU.l6BrGH_IxLyYeZzIR5VUnP7Q; HttpOnly; SameSite=None; Secure; Path=/; Domain=npmjs.org
< CF-Ray: a2f248357c87f5f8-EWR
< CF-Cache-Status: HIT
< Accept-Ranges: bytes
< Access-Control-Allow-Origin: *
< Age: 126134
< Cache-Control: public, must-revalidate, max-age=31557600
< ETag: "a9777f58be56fcd8831de42a453385ba"
< Last-Modified: Sat, 15 Aug 2026 10:19:42 GMT
< Server: cloudflare

< 200 OK
< Date: Sat, 22 Aug 2026 13:39:10 GMT
< Content-Type: application/vnd.npm.install-v1+json
< Transfer-Encoding: chunked
< Connection: keep-alive
< set-cookie: __cf_bm=CaS8poKShIZCrhnlvSPWcrVR4XCijXwrbFncJJdv2r4-1787405950.371538-1.0.1.1-xllHIVgYXPsFxO0b_rgE4.1.KypDscE_oKzdgzDhGrD2O0oFqyNYyQWChMJc1.Me0clRCG5PWk4Qg7.g1sNULRxS6wnrUEsbGB_SOTUIYEeSqPkMJ_YkEELCjyt1cI4p; HttpOnly; SameSite=None; Secure; Path=/; Domain=npmjs.org; Expires=Sat, 22 Aug 2026 14:09:10 GMT
< set-cookie: _cfuvid=vEsSBIZrgo827xykvnTIo6eVJtt4XErIEyLywW_AgXY-1787405950.371538-1.0.1.1-ZsUD34BDI..5EeZiDhmz2P1cmE_cpyXHGcrKGdJ50wY; HttpOnly; SameSite=None; Secure; Path=/; Domain=npmjs.org
< CF-Ray: a2f24835dd804240-EWR
< CF-Cache-Status: HIT
< Access-Control-Allow-Origin: *
< Age: 262
< Cache-Control: public, max-age=300
< Vary: accept-encoding, accept
< Last-Modified: Sat, 15 Aug 2026 10:19:43 GMT
< Server: cloudflare
< ETag: W/"a9099a31c2ca3e85e5e96ea16ef9deec"
< Content-Encoding: br

 HTTP/1.1 GET https://registry.npmjs.org/@oxfmt%2fbinding-linux-riscv64-musl
 Accept: application/vnd.npm.install-v1+json; q=1.0, application/json; q=0.8, */*
 Connection: keep-alive
 User-Agent: Bun/1.4.1
 Host: registry.npmjs.org
 Accept-Encoding: gzip, deflate, br, zstd
 HTTP/1.1 GET https://registry.npmjs.org/@oxlint%2fbinding-win32-arm64-msvc
 Accept: application/vnd.npm.install-v1+json; q=1.0, application/json; q=0.8, */*
 Connection: keep-alive
 User-Agent: Bun/1.4.1
 Host: registry.npmjs.org
 Accept-Encoding: gzip, deflate, br, zstd
< 200 OK
< Date: Sat, 22 Aug 2026 13:39:10 GMT
< Content-Type: application/octet-stream
< Content-Length: 7776
< Connection: keep-alive
< set-cookie: __cf_bm=PdX7KBiMl3f4Napmk1AUO3Mm2v6VrbM_Dve53Kx3bsk-1787405950.6158235-1.0.1.1-378RlP8qB6ohPga6Fm.KvsTnBGEnhoDbpPhZZV3iEvgay3dVWbFRcd_2MLXg1z0K83DyRMm8Y1hi9StsHcvbGep1vQj.ZEuxNbPrRscAXg28uDzljhLv7093z58av6BP; HttpOnly; SameSite=None; Secure; Path=/; Domain=npmjs.org; Expires=Sat, 22 Aug 2026 14:09:10 GMT
< set-cookie: _cfuvid=C1q_A5m3vA40LCC8AJp4v5CBWBHmsjWel0SCqPGT9Pc-1787405950.6158235-1.0.1.1-HHKusxMdtuLKt2RHYIa5BcCHikIG5c.8aYiqzkP10Jk; HttpOnly; SameSite=None; Secure; Path=/; Domain=npmjs.org
< CF-Ray: a2f248375ea743eb-EWR
< CF-Cache-Status: HIT
< Accept-Ranges: bytes
< Access-Control-Allow-Origin: *
< Age: 1230078
< Cache-Control: public, immutable, max-age=31557600
< ETag: "61645d5d2151068dd2678c31c1c30bd3"
< Last-Modified: Sun, 05 Oct 2025 12:46:35 GMT
< Server: cloudflare

[PackageManager] waiting for 49 tasks
    [6.69s] Downloaded detect-libc tarball
 LICENSE
 lib/detect-libc.js
 lib/elf.js
 lib/filesystem.js
 lib/process.js
 package.json
 README.md
 index.d.ts
[detect-libc] Extract .1a03d152b1a6b86b-A.detect-libc (7.78 KB tgz file)
[detect-libc] Extracted to .1a03d152b1a6b86b-A.detect-libc (6.2ms)
[PackageManager] waiting for 49 tasks
< 200 OK
< Date: Sat, 22 Aug 2026 13:39:11 GMT
< Content-Type: application/octet-stream
< Content-Length: 6324947
< Connection: keep-alive
< set-cookie: __cf_bm=wFlO7MZ5i8u25hX1VrAxot0DhHHMIE_qglhrtATIcBA-1787405950.986191-1.0.1.1-2jTVUys0AXlcsGV7CiPGZ06PyD3Is.BDBZ.Qojpo5Sp9KfP05wtxDJpgHhefVL8t9ohJoWjPFWTxnAVJ5H_uefenCinIKCCWanZF3F2PFp7tka69ZOF7sLzkrztBT9Pi; HttpOnly; SameSite=None; Secure; Path=/; Domain=npmjs.org; Expires=Sat, 22 Aug 2026 14:09:11 GMT
< set-cookie: _cfuvid=YP0fkcWT9twoKCOIF2M6j5FQ.uP.zjZGS.2UJXslmGI-1787405950.986191-1.0.1.1-26abH5WwJX0Bsz9MK4Ypr7wMVJo482qq3a5Fd7euau4; HttpOnly; SameSite=None; Secure; Path=/; Domain=npmjs.org
< CF-Ray: a2f24839ab323788-EWR
< CF-Cache-Status: HIT
< Accept-Ranges: bytes
< Access-Control-Allow-Origin: *
< Age: 1047213
< Cache-Control: public, must-revalidate, max-age=31557600
< ETag: "fb619466b8702ac59479afc1cb53cc21"
< Last-Modified: Mon, 10 Aug 2026 10:45:38 GMT
< Server: cloudflare

< 200 OK
< Date: Sat, 22 Aug 2026 13:39:11 GMT
< Content-Type: application/vnd.npm.install-v1+json
< Transfer-Encoding: chunked
< Connection: keep-alive
< set-cookie: __cf_bm=ht8M7R215iThn387SZIQgmEfjuWSlzywwjHNBLdifxU-1787405951.166372-1.0.1.1-5dFa6xi45y7FGR0oOdzE.w.y5J9a1s4HMtAiTKO31tcJC2RMEKrfbQ6Y8i5Ws3U3ltaKPMvxP2UIAohXMXB_W9uarWx4mMML0jiFtPgw_ib.uh3eIm8Ags13Sp5gS.Nr; HttpOnly; SameSite=None; Secure; Path=/; Domain=npmjs.org; Expires=Sat, 22 Aug 2026 14:09:11 GMT
< set-cookie: _cfuvid=JDhJHMAIeWokUUG9s2EyA84bs1PAWadzizZvtxZZXGY-1787405951.166372-1.0.1.1-5iFfTsojmtZwAjmjXpDkkBh8dsxhEZIsgt7zPkalxYs; HttpOnly; SameSite=None; Secure; Path=/; Domain=npmjs.org
< CF-Ray: a2f2483acf3110f3-EWR
< CF-Cache-Status: HIT
< Access-Control-Allow-Origin: *
< Age: 273
< Cache-Control: public, max-age=300
< Vary: accept-encoding, accept
< Last-Modified: Tue, 18 Aug 2026 15:06:41 GMT
< Server: cloudflare
< ETag: W/"f1317ad55778ff5511e4ce0e80ca5788"
< Content-Encoding: br

< 200 OK
< Date: Sat, 22 Aug 2026 13:39:11 GMT
< Content-Type: application/vnd.npm.install-v1+json
< Transfer-Encoding: chunked
< Connection: keep-alive
< set-cookie: __cf_bm=VaMkoAPDVdC_Zwk6MxrrLlFmmabW_85bfErBw3H3meI-1787405951.1867988-1.0.1.1-o0GAFGZjoE.HDP1Y5o0vKVTQyFW55u8UtF.8qdbYYn6FQBG.k0oOvLuwhymgPz1I3aALqBYX6RdlBWJzFRNqPv7oxeJgp1mIXV0j.hZ5N5hvvPiyxWWud0HJgV7y_tSr; HttpOnly; SameSite=None; Secure; Path=/; Domain=npmjs.org; Expires=Sat, 22 Aug 2026 14:09:11 GMT
< set-cookie: _cfuvid=oL1yOjG2FBRykJYoFiKehYcBekdoEAf2eL41nE82Ac0-1787405951.1867988-1.0.1.1-3DYcF5s0yu36yWLJqzAlLG69ZqJYNUMuAcdM8GFoiNg; HttpOnly; SameSite=None; Secure; Path=/; Domain=npmjs.org
< CF-Ray: a2f2483ae92c985c-EWR
< CF-Cache-Status: HIT
< Access-Control-Allow-Origin: *
< Age: 61
< Cache-Control: public, max-age=300
< Vary: accept-encoding, accept
< Last-Modified: Tue, 18 Aug 2026 15:10:10 GMT
< Server: cloudflare
< ETag: W/"029fdad50034ae228bef06e70fa570b0"
< Content-Encoding: br

[PackageManager] waiting for 48 tasks
    [5.50s]
Downloaded @oxlint/binding-linux-riscv64-gnu versions
[PackageManager] waiting for 48 tasks
   - "@oxlint/binding-linux-riscv64-gnu": "1.78.0" - @oxlint/binding-linux-riscv64-gnu@1.78.0
< 200 OK
< Date: Sat, 22 Aug 2026 13:39:11 GMT
< Content-Type: application/vnd.npm.install-v1+json
< Transfer-Encoding: chunked
< Connection: keep-alive
< set-cookie: __cf_bm=qx6X4GOstHEywFDTeEBB27TBTQ2.LOXyAwrT76qAQus-1787405951.1560807-1.0.1.1-kc6oi8euzTQXG.I5G8B9zX25m1v1Q3umVsFOv8vO0f5ZI9N8zpfdCcWJ36XzrviHfaqqXy4tigakRmqh0ELm0XNAha39HH2uF70Ec2Xd34f3Ooh3eeMO9brf8GArXSNl; HttpOnly; SameSite=None; Secure; Path=/; Domain=npmjs.org; Expires=Sat, 22 Aug 2026 14:09:11 GMT
< set-cookie: _cfuvid=KjZHw_mpZjiFQn0GcRt98fbSVR2QmEAi24NJ9Azp.dk-1787405951.1560807-1.0.1.1-DMphKNa_AThdqSzU1X0zPy03Ba_QwPOsleMdTb.ORGU; HttpOnly; SameSite=None; Secure; Path=/; Domain=npmjs.org
< CF-Ray: a2f2483abb656109-EWR
< CF-Cache-Status: HIT
< Access-Control-Allow-Origin: *
< Age: 112
< Cache-Control: public, max-age=300
< Vary: accept-encoding, accept
< Last-Modified: Tue, 18 Aug 2026 15:04:11 GMT
< Server: cloudflare
< ETag: W/"ff65058cebd2d3f3f21ec525b8cb174e"
< Content-Encoding: br

[PackageManager] waiting for 47 tasks
    [5.56s]
Downloaded @oxlint/binding-linux-x64-gnu versions
[PackageManager] waiting for 47 tasks
   - "@oxlint/binding-linux-x64-gnu": "1.78.0" - @oxlint/binding-linux-x64-gnu@1.78.0
[PackageManager] waiting for 46 tasks
    [5.57s]
Downloaded @oxlint/binding-openharmony-arm64 versions
[PackageManager] waiting for 46 tasks
   - "@oxlint/binding-openharmony-arm64": "1.78.0" - @oxlint/binding-openharmony-arm64@1.78.0
[PackageManager] waiting for 45 tasks
    [6.22s]
Downloaded @effect/tsgo-darwin-arm64 versions
[PackageManager] waiting for 45 tasks
   - "@effect/tsgo-darwin-arm64": "0.36.5" - @effect/tsgo-darwin-arm64@0.36.5
< 200 OK
< Date: Sat, 22 Aug 2026 13:39:11 GMT
< Content-Type: application/vnd.npm.install-v1+json
< Transfer-Encoding: chunked
< Connection: keep-alive
< set-cookie: __cf_bm=uBJMRkgVDaDmGqev1cfPdjpaSpPU48Sxd.TY.iNX6UM-1787405951.3357208-1.0.1.1-ulp0bYxdbsMTxe4.lhMgScpmlyiCQDE33hPYwJ9SZ_wtvmyVo3JmiRq2cT8gvVJWBj88P2NYlETyzIGOdJcp4yb18qZdvzbGeiatatPU9kNag1etzV8IbKVcg8t_U_hx; HttpOnly; SameSite=None; Secure; Path=/; Domain=npmjs.org; Expires=Sat, 22 Aug 2026 14:09:11 GMT
< set-cookie: _cfuvid=.j7z02gVInpu8KrT4HDMPoPFUalIjVfviwGBIk461y4-1787405951.3357208-1.0.1.1-f3e6GfZEn_ZJZHTgMDwQW1G4vSpCqx7lrib9D68RRzU; HttpOnly; SameSite=None; Secure; Path=/; Domain=npmjs.org
< CF-Ray: a2f2483bd8671a38-EWR
< CF-Cache-Status: HIT
< Access-Control-Allow-Origin: *
< Age: 94
< Cache-Control: public, max-age=300
< Vary: accept-encoding, accept
< Last-Modified: Tue, 18 Aug 2026 15:04:08 GMT
< Server: cloudflare
< ETag: W/"4da6d347fae35f493d9a2b0320fa7be0"
< Content-Encoding: br

[PackageManager] waiting for 44 tasks
    [6.53s]
Downloaded @oxfmt/binding-linux-riscv64-musl versions
 HTTP/1.1 GET https://registry.npmjs.org/@oxlint%2fbinding-linux-arm64-musl
 Accept: application/vnd.npm.install-v1+json; q=1.0, application/json; q=0.8, */*
 Connection: keep-alive
 User-Agent: Bun/1.4.1
 Host: registry.npmjs.org
 Accept-Encoding: gzip, deflate, br, zstd
[PackageManager] waiting for 44 tasks
   - "@oxfmt/binding-linux-riscv64-musl": "0.64.0" - @oxfmt/binding-linux-riscv64-musl@0.64.0
 HTTP/1.1 GET https://registry.npmjs.org/@oxlint%2fbinding-android-arm-eabi
 Accept: application/vnd.npm.install-v1+json; q=1.0, application/json; q=0.8, */*
 Connection: keep-alive
 User-Agent: Bun/1.4.1
 Host: registry.npmjs.org
 Accept-Encoding: gzip, deflate, br, zstd
< 200 OK
< Date: Sat, 22 Aug 2026 13:39:11 GMT
< Content-Type: application/vnd.npm.install-v1+json
< Transfer-Encoding: chunked
< Connection: keep-alive
< set-cookie: __cf_bm=tUsKwyNTVmwaOh_UTKGcuRdgp9Q5EeyXm6XOdMiSJBg-1787405951.7413323-1.0.1.1-WchudKG3u8Cm3XmdHl9EV__hc_jjzXUDSEn0EXch2jQeqBjBs2dHkZ9tzudCciMmVLikpSEt26MjAVk.8r.eR7TxgYhqsShAgWsRKqodYjzNXGEoxWXybPkuiung4Cyp; HttpOnly; SameSite=None; Secure; Path=/; Domain=npmjs.org; Expires=Sat, 22 Aug 2026 14:09:11 GMT
< set-cookie: _cfuvid=ol7EnRvSVuYnNMcpFPSWgcC6KRiHb68C9tTe.3Sj0Y4-1787405951.7413323-1.0.1.1-lO13kdLxcvnHXVj1R43xCMMhsCU6LF6ZWWI3uWTGR9o; HttpOnly; SameSite=None; Secure; Path=/; Domain=npmjs.org
< CF-Ray: a2f2483e6e47ae70-EWR
< CF-Cache-Status: HIT
< Access-Control-Allow-Origin: *
< Age: 264
< Cache-Control: public, max-age=300
< Vary: accept-encoding, accept
< Last-Modified: Sat, 15 Aug 2026 10:19:43 GMT
< Server: cloudflare
< ETag: W/"05a517f037f6009221f9321e7b607b3a"
< Content-Encoding: br

 HTTP/1.1 GET https://registry.npmjs.org/@effect%2ftsgo-linux-arm
 Accept: application/vnd.npm.install-v1+json; q=1.0, application/json; q=0.8, */*
 Connection: keep-alive
 User-Agent: Bun/1.4.1
 Host: registry.npmjs.org
 Accept-Encoding: gzip, deflate, br, zstd
< 200 OK
< Date: Sat, 22 Aug 2026 13:39:12 GMT
< Content-Type: application/vnd.npm.install-v1+json
< Transfer-Encoding: chunked
< Connection: keep-alive
< set-cookie: __cf_bm=W7JeiCshzDGHBRYzMrIlK5Wed5Pmvu2diz4AaPBV1sc-1787405952.3817143-1.0.1.1-dLfp.ziPCxBy4SqfB_hK55VfjXz6r9nS1yXyJ.G4dEaS0o4HAHGdpXANCT9.085jtgjzOe2rGLZ9OfyJYPcmANj7QI6FDCdLuoZiuKAK2BcVvTkVw_IaeX9UB6lDA_TP; HttpOnly; SameSite=None; Secure; Path=/; Domain=npmjs.org; Expires=Sat, 22 Aug 2026 14:09:12 GMT
< set-cookie: _cfuvid=uA6DNbmlyzaKAssvm7w9B9Z5zxUdT_DRG2oVZ_e4bgY-1787405952.3817143-1.0.1.1-zL0hHolJgCS6X91bvuWFn9GRPb5GMAO_RTIUoT6zAbk; HttpOnly; SameSite=None; Secure; Path=/; Domain=npmjs.org
< CF-Ray: a2f248426e0ec47c-EWR
< CF-Cache-Status: HIT
< Access-Control-Allow-Origin: *
< Age: 133
< Cache-Control: public, max-age=300
< Vary: accept-encoding, accept
< Last-Modified: Tue, 18 Aug 2026 15:03:57 GMT
< Server: cloudflare
< ETag: W/"7332a4012436a3e236926749d55f73f2"
< Content-Encoding: br

< 200 OK
< Date: Sat, 22 Aug 2026 13:39:12 GMT
< Content-Type: application/vnd.npm.install-v1+json
< Transfer-Encoding: chunked
< Connection: keep-alive
< set-cookie: __cf_bm=dR1F8CvctZm7n.5wfQZ51eyVUPMDjDOTTbT7JenWD6o-1787405952.3959012-1.0.1.1-DdmJ9BxOrs4CEABzVosUehe9AzC1vY63fc_NZ9wY49Mg.N_wK2oop.TZTGhCUUOrMtmAxKAJhQnt9vrv6e6.p6R6BCMMolpO_Ja4cdeYDkmanqDusRf_TBBjvJm3WNoY; HttpOnly; SameSite=None; Secure; Path=/; Domain=npmjs.org; Expires=Sat, 22 Aug 2026 14:09:12 GMT
< set-cookie: _cfuvid=XupjSSg89FdErRPI_mjTWyKDUUcbF1mkEm0vdwu0dlU-1787405952.3959012-1.0.1.1-M4EHo9jrnbGdF3l5_AXUd3J67pEEU2Bq8Tl0S0XWm24; HttpOnly; SameSite=None; Secure; Path=/; Domain=npmjs.org
< CF-Ray: a2f248427b3961ce-EWR
< CF-Cache-Status: HIT
< Access-Control-Allow-Origin: *
< Age: 180
< Cache-Control: public, max-age=300
< Vary: accept-encoding, accept
< Last-Modified: Tue, 18 Aug 2026 15:03:17 GMT
< Server: cloudflare
< ETag: W/"09eae7812d28535f1eced9fd4b913b7a"
< Content-Encoding: br

[PackageManager] waiting for 43 tasks
    [7.12s]
Downloaded @oxlint/binding-win32-arm64-msvc versions
[PackageManager] waiting for 43 tasks
   - "@oxlint/binding-win32-arm64-msvc": "1.78.0" - @oxlint/binding-win32-arm64-msvc@1.78.0
[PackageManager] waiting for 42 tasks
    [7.15s]
Downloaded @oxlint/binding-linux-arm64-musl versions
[PackageManager] waiting for 42 tasks
   - "@oxlint/binding-linux-arm64-musl": "1.78.0" - @oxlint/binding-linux-arm64-musl@1.78.0
 HTTP/1.1 GET https://registry.npmjs.org/@oxlint/binding-linux-arm64-musl/-/binding-linux-arm64-musl-1.78.0.tgz
 Connection: keep-alive
 User-Agent: Bun/1.4.1
 Accept: */*
 Host: registry.npmjs.org
 Accept-Encoding: gzip, deflate, br, zstd
 HTTP/1.1 GET https://registry.npmjs.org/@oxlint%2fbinding-win32-ia32-msvc
 Accept: application/vnd.npm.install-v1+json; q=1.0, application/json; q=0.8, */*
 Connection: keep-alive
 User-Agent: Bun/1.4.1
 Host: registry.npmjs.org
 Accept-Encoding: gzip, deflate, br, zstd
 HTTP/1.1 GET https://registry.npmjs.org/@oxlint%2fbinding-linux-s390x-gnu
 Accept: application/vnd.npm.install-v1+json; q=1.0, application/json; q=0.8, */*
 Connection: keep-alive
 User-Agent: Bun/1.4.1
 Host: registry.npmjs.org
 Accept-Encoding: gzip, deflate, br, zstd
 HTTP/1.1 GET https://registry.npmjs.org/@oxlint%2fbinding-win32-x64-msvc
 Accept: application/vnd.npm.install-v1+json; q=1.0, application/json; q=0.8, */*
 Connection: keep-alive
 User-Agent: Bun/1.4.1
 Host: registry.npmjs.org
 Accept-Encoding: gzip, deflate, br, zstd
 HTTP/1.1 GET https://registry.npmjs.org/@oxfmt%2fbinding-openharmony-arm64
 Accept: application/vnd.npm.install-v1+json; q=1.0, application/json; q=0.8, */*
 Connection: keep-alive
 User-Agent: Bun/1.4.1
 Host: registry.npmjs.org
 Accept-Encoding: gzip, deflate, br, zstd
[PackageManager] waiting for 42 tasks
    [8.04s]
Downloaded @effect/tsgo-darwin-x64 versions
[PackageManager] waiting for 42 tasks
   - "@effect/tsgo-darwin-x64": "0.36.5" - @effect/tsgo-darwin-x64@0.36.5
< 200 OK
< Date: Sat, 22 Aug 2026 13:39:12 GMT
< Content-Type: application/vnd.npm.install-v1+json
< Transfer-Encoding: chunked
< Connection: keep-alive
< set-cookie: __cf_bm=cJvo.__gZZa.avoH30.anxATdJ9yGW4mG7lFPiVDOgw-1787405952.680652-1.0.1.1-bFRvMWTyrPwaIcmctJ2XeLFVHmRXZGQclh4X6DkoMpMJmPMqB6Lv2ZMrZCp9OOHotGhq11SS.a2dSV1A7WqwnW2y8hCfcePiKJ6qJ8aCCoEsOezzDW53yslDo9Yr76tY; HttpOnly; SameSite=None; Secure; Path=/; Domain=npmjs.org; Expires=Sat, 22 Aug 2026 14:09:12 GMT
< set-cookie: _cfuvid=aC8okUgXmadHJyfLI2wDWpStLlK8157aR3gP0oJWwug-1787405952.680652-1.0.1.1-K.mxs1P9Mb1EhEMNBiCOU2CNEWtSHT7lXFZe0YISOGo; HttpOnly; SameSite=None; Secure; Path=/; Domain=npmjs.org
< CF-Ray: a2f248443bd68c8c-EWR
< CF-Cache-Status: HIT
< Access-Control-Allow-Origin: *
< Age: 265
< Cache-Control: public, max-age=300
< Vary: accept-encoding, accept
< Last-Modified: Sat, 15 Aug 2026 10:19:39 GMT
< Server: cloudflare
< ETag: W/"31507f0f18b974de018d9f76f838f70a"
< Content-Encoding: br

[PackageManager] waiting for 41 tasks
    [7.72s] Downloaded fast-check tarball
< 200 OK
< Date: Sat, 22 Aug 2026 13:39:13 GMT
< Content-Type: application/vnd.npm.install-v1+json
< Transfer-Encoding: chunked
< Connection: keep-alive
< set-cookie: __cf_bm=kh6JyPLkVEKztRzJ1tQTuUT9HTe85AHGuaEoJ8HMRr0-1787405953.8360484-1.0.1.1-_FQ7ShwHeVK1TSRy4Ezts1QLji4gLCKZoSCII41loeU6nCyytoT7qbVT9SU5o6.ej3HIB.1NnDTbgxguNmnj48fF7TKwdIDBzMiPfOjVBG0NKXHf6d9T5_1sGy1wQrwf; HttpOnly; SameSite=None; Secure; Path=/; Domain=npmjs.org; Expires=Sat, 22 Aug 2026 14:09:13 GMT
< set-cookie: _cfuvid=iCZcEB3VSWtip9Z2_0mEP2zul9HqB.a7Wmlg4u0VSNo-1787405953.8360484-1.0.1.1-_VACsmv.RQSV5h3OF3Eyx9klmBV4xECs8NI4Vt7achU; HttpOnly; SameSite=None; Secure; Path=/; Domain=npmjs.org
< CF-Ray: a2f2484b7ca0d123-EWR
< CF-Cache-Status: HIT
< Access-Control-Allow-Origin: *
< Age: 76
< Cache-Control: public, max-age=300
< Vary: accept-encoding, accept
< Last-Modified: Tue, 18 Aug 2026 15:04:57 GMT
< Server: cloudflare
< ETag: W/"ba2881bcc8374fda4400a42364a771f8"
< Content-Encoding: br

 LICENSE
 lib/cjs/fast-check.js
 lib/fast-check.js
 lib/rolldown-runtime-D7D4PA-g.js
 lib/cjs/package.json
 package.json
 README.md
 lib/cjs/fast-check.d.ts
 lib/cjs/types57/fast-check.d.ts
 lib/fast-check.d.ts
 lib/types57/fast-check.d.ts
[fast-check] Extract .1a03d153c826c6be-C.fast-check (0.32 MB tgz file)
[fast-check] Extracted to .1a03d153c826c6be-C.fast-check (14.9ms)
[PackageManager] waiting for 41 tasks
[PackageManager] waiting for 40 tasks
< 200 OK
< Date: Sat, 22 Aug 2026 13:39:13 GMT
< Content-Type: application/vnd.npm.install-v1+json
< Transfer-Encoding: chunked
< Connection: keep-alive
< set-cookie: __cf_bm=f8yXNmlyl6O.6IJXLkck81k5ZXJlU41Kv6wuaqt33VY-1787405953.8358665-1.0.1.1-xMwEVjkZywBk.hv3Lo3ssTPiCMfLqVEZjUzawNepaYnkDvNxzHi.rgPhzozVezRHmtWHxE_iWc_smC4aME5nuXeVf9AAfFxvr2SlW5a5sFUVegpVPX4ecq5Bdnnj8Ovp; HttpOnly; SameSite=None; Secure; Path=/; Domain=npmjs.org; Expires=Sat, 22 Aug 2026 14:09:13 GMT
< set-cookie: _cfuvid=J97Lh6hLO9WqUEYqYB3sTyBs0zDBemPotNfvRYJYx1Q-1787405953.8358665-1.0.1.1-DckKmpOfvwjRgRoXVaSyNKLnflSazmttBhO6ibuaihU; HttpOnly; SameSite=None; Secure; Path=/; Domain=npmjs.org
< CF-Ray: a2f2484b78cb93b6-EWR
< CF-Cache-Status: HIT
< Access-Control-Allow-Origin: *
< Age: 248
< Cache-Control: public, max-age=300
< Vary: accept-encoding, accept
< Last-Modified: Tue, 18 Aug 2026 15:07:06 GMT
< Server: cloudflare
< ETag: W/"a9eabeef1a338010e804065bb9ed1291"
< Content-Encoding: br

    [8.55s]
Downloaded @oxlint/binding-android-arm-eabi versions
[PackageManager] waiting for 40 tasks
   - "@oxlint/binding-android-arm-eabi": "1.78.0" - @oxlint/binding-android-arm-eabi@1.78.0
[PackageManager] waiting for 39 tasks
    [8.60s]
Downloaded @oxlint/binding-linux-s390x-gnu versions
[PackageManager] waiting for 39 tasks
   - "@oxlint/binding-linux-s390x-gnu": "1.78.0" - @oxlint/binding-linux-s390x-gnu@1.78.0
< 200 OK
< Date: Sat, 22 Aug 2026 13:39:13 GMT
< Content-Type: application/octet-stream
< Content-Length: 6295903
< Connection: keep-alive
< set-cookie: __cf_bm=vnwp5cHQAkiUId9ENaodO0EjU.lnttLPAUIGrN5N0dk-1787405953.8059433-1.0.1.1-UGgPL31X8Dzt6Vsz4YDtB0AXl._mjMr3iTTlPJqvcA8sr5O5Ir9TVZHlu6s3zLeTGJTKQrfOb_DfwJ25sw_0k8DEelr389nvoGMjZ4NbUqA8mKVee9D25YRc3d22nX3u; HttpOnly; SameSite=None; Secure; Path=/; Domain=npmjs.org; Expires=Sat, 22 Aug 2026 14:09:13 GMT
< set-cookie: _cfuvid=6tB3OQbs5H5g1OMFU0Wxk.W2X9gWBA0AeZhVYESXuBE-1787405953.8059433-1.0.1.1-sCjCsKTdECPpN8huVFSPA6QZOQgQPLWuxEl1IodRXY0; HttpOnly; SameSite=None; Secure; Path=/; Domain=npmjs.org
< CF-Ray: a2f2484b4d9e41c3-EWR
< CF-Cache-Status: HIT
< Accept-Ranges: bytes
< Access-Control-Allow-Origin: *
< Age: 1047331
< Cache-Control: public, must-revalidate, max-age=31557600
< ETag: "23c503ad1de9fbd4828db5857eb2cbbf"
< Last-Modified: Mon, 10 Aug 2026 10:43:42 GMT
< Server: cloudflare

< 200 OK
< Date: Sat, 22 Aug 2026 13:39:13 GMT
< Content-Type: application/vnd.npm.install-v1+json
< Transfer-Encoding: chunked
< Connection: keep-alive
< set-cookie: __cf_bm=3O2FEX3lZmpY_fHN7esHune5CVQku85AeNmtjpSPEYA-1787405953.9247143-1.0.1.1-cQJ0TSz1eWNyOfECxOc0Hxu0xE1m4oAwIAK4NF6vHWb7lpeyfiWstUr7TDKse0.aGylPXd3PkYzwoO.EnHNaLMEFIRMQL4mR2IAzYgMpz5WilBte7nv3LU6lkcYfltKO; HttpOnly; SameSite=None; Secure; Path=/; Domain=npmjs.org; Expires=Sat, 22 Aug 2026 14:09:13 GMT
< set-cookie: _cfuvid=IsocvaaDBFtEhAom_2tdYmd1pM3eeXmFSrnocL7xOeI-1787405953.9247143-1.0.1.1-9CtT.4QULiXJRfoIbBB2rv4.BRLvx2PUBhrW3qFizkk; HttpOnly; SameSite=None; Secure; Path=/; Domain=npmjs.org
< CF-Ray: a2f2484c08d9acc5-EWR
< CF-Cache-Status: HIT
< Access-Control-Allow-Origin: *
< Age: 257
< Cache-Control: public, max-age=300
< Vary: accept-encoding, accept
< Last-Modified: Tue, 18 Aug 2026 15:02:24 GMT
< Server: cloudflare
< ETag: W/"fcaaa66dfc45ea69ec85f3f7ad2c58d3"
< Content-Encoding: br

< 200 OK
< Date: Sat, 22 Aug 2026 13:39:13 GMT
< Content-Type: application/vnd.npm.install-v1+json
< Transfer-Encoding: chunked
< Connection: keep-alive
< set-cookie: __cf_bm=DzmvcV2i6Gc5lKUmtxSzSrMkiu39orLmOK9EoDX8Jis-1787405953.8204172-1.0.1.1-LG8RcykCiHrPL7CtDGPy4EC5UYdtQbDI3boVLoI1hwlNuiP0o0iIbgy7H3kLOeOOo6BVNH4nmBFgiimJ4pO.XXbyEuXG49dlfRfw5pm1pOvngtOTwh7Rcr5ja2HXd0El; HttpOnly; SameSite=None; Secure; Path=/; Domain=npmjs.org; Expires=Sat, 22 Aug 2026 14:09:13 GMT
< set-cookie: _cfuvid=DxL2TJ_t7t2_X34OVCXaF8h2eQTWZifV60qrvx41GYM-1787405953.8204172-1.0.1.1-hXITfvs.XfSylyJxwAY8vFPFsUEkO5ZZZrTkp4Ndi_M; HttpOnly; SameSite=None; Secure; Path=/; Domain=npmjs.org
< CF-Ray: a2f2484b5f354a2b-EWR
< CF-Cache-Status: HIT
< Access-Control-Allow-Origin: *
< Cache-Control: public, max-age=300
< Vary: accept-encoding, accept
< Last-Modified: Tue, 18 Aug 2026 15:05:54 GMT
< Server: cloudflare
< ETag: W/"89d392594b45cf77c1586391cea3be2c"
< Content-Encoding: br

[PackageManager] waiting for 38 tasks
    [9.52s]
Downloaded @oxfmt/binding-openharmony-arm64 versions
[PackageManager] waiting for 38 tasks
   - "@oxfmt/binding-openharmony-arm64": "0.64.0" - @oxfmt/binding-openharmony-arm64@0.64.0
[PackageManager] waiting for 37 tasks
    [8.75s]
Downloaded @oxlint/binding-win32-ia32-msvc versions
[PackageManager] waiting for 37 tasks
   - "@oxlint/binding-win32-ia32-msvc": "1.78.0" - @oxlint/binding-win32-ia32-msvc@1.78.0
[PackageManager] waiting for 36 tasks
    [9.43s]
Downloaded @effect/tsgo-linux-arm versions
[PackageManager] waiting for 36 tasks
   - "@effect/tsgo-linux-arm": "0.36.5" - @effect/tsgo-linux-arm@0.36.5
 HTTP/1.1 GET https://registry.npmjs.org/@oxfmt%2fbinding-linux-riscv64-gnu
 Accept: application/vnd.npm.install-v1+json; q=1.0, application/json; q=0.8, */*
 Connection: keep-alive
 User-Agent: Bun/1.4.1
 Host: registry.npmjs.org
 Accept-Encoding: gzip, deflate, br, zstd
< 200 OK
< Date: Sat, 22 Aug 2026 13:39:15 GMT
< Content-Type: application/vnd.npm.install-v1+json
< Transfer-Encoding: chunked
< Connection: keep-alive
< set-cookie: __cf_bm=nSJoTc7lKkZYPsJeaQAVr1hj0Z8K1cDg_6vVBmxYEnw-1787405955.2561305-1.0.1.1-Kxqxaa0pde4.4YdMF.4UYl8sSYDn6MvRix6pOSDkF1WZc9xvPlBvJ4u7CkgIHBipF8xtF19za7_rwH02IxU8jP2FWwgqdnclt5A.80EziKxJ3D6lNgQAOEUM74jHlfb2; HttpOnly; SameSite=None; Secure; Path=/; Domain=npmjs.org; Expires=Sat, 22 Aug 2026 14:09:15 GMT
< set-cookie: _cfuvid=hSxlaACMrgu6IKXUsGkqRlIYT.FE9Fv4gBBuEUlT.Q0-1787405955.2561305-1.0.1.1-kTbF4pll9UCWUaJjdd46h5nEVLEm4ixntVI8g3xptsI; HttpOnly; SameSite=None; Secure; Path=/; Domain=npmjs.org
< CF-Ray: a2f2485459f5d826-EWR
< CF-Cache-Status: HIT
< Access-Control-Allow-Origin: *
< Age: 224
< Cache-Control: public, max-age=300
< Vary: accept-encoding, accept
< Last-Modified: Tue, 18 Aug 2026 15:07:27 GMT
< Server: cloudflare
< ETag: W/"d2e8b3e635bf1873379f73e6c66f4a6a"
< Content-Encoding: br

[PackageManager] waiting for 35 tasks
    [9.96s]
Downloaded @oxlint/binding-win32-x64-msvc versions
[PackageManager] waiting for 35 tasks
   - "@oxlint/binding-win32-x64-msvc": "1.78.0" - @oxlint/binding-win32-x64-msvc@1.78.0
 HTTP/1.1 GET https://registry.npmjs.org/@oxfmt%2fbinding-win32-arm64-msvc
 Accept: application/vnd.npm.install-v1+json; q=1.0, application/json; q=0.8, */*
 Connection: keep-alive
 User-Agent: Bun/1.4.1
 Host: registry.npmjs.org
 Accept-Encoding: gzip, deflate, br, zstd
 HTTP/1.1 GET https://registry.npmjs.org/@oxfmt%2fbinding-android-arm-eabi
 Accept: application/vnd.npm.install-v1+json; q=1.0, application/json; q=0.8, */*
 Connection: keep-alive
 User-Agent: Bun/1.4.1
 Host: registry.npmjs.org
 Accept-Encoding: gzip, deflate, br, zstd
 HTTP/1.1 GET https://registry.npmjs.org/@oxfmt%2fbinding-linux-arm64-gnu
 Accept: application/vnd.npm.install-v1+json; q=1.0, application/json; q=0.8, */*
 Connection: keep-alive
 User-Agent: Bun/1.4.1
 Host: registry.npmjs.org
 Accept-Encoding: gzip, deflate, br, zstd
 HTTP/1.1 GET https://registry.npmjs.org/@oxfmt%2fbinding-linux-arm64-musl
 Accept: application/vnd.npm.install-v1+json; q=1.0, application/json; q=0.8, */*
 Connection: keep-alive
 User-Agent: Bun/1.4.1
 Host: registry.npmjs.org
 Accept-Encoding: gzip, deflate, br, zstd
 HTTP/1.1 GET https://registry.npmjs.org/@oxlint%2fbinding-linux-x64-musl
 Accept: application/vnd.npm.install-v1+json; q=1.0, application/json; q=0.8, */*
 Connection: keep-alive
 User-Agent: Bun/1.4.1
 Host: registry.npmjs.org
 Accept-Encoding: gzip, deflate, br, zstd
 HTTP/1.1 GET https://registry.npmjs.org/@oxlint%2fbinding-android-arm64
 Accept: application/vnd.npm.install-v1+json; q=1.0, application/json; q=0.8, */*
 Connection: keep-alive
 User-Agent: Bun/1.4.1
 Host: registry.npmjs.org
 Accept-Encoding: gzip, deflate, br, zstd
< 200 OK
< Date: Sat, 22 Aug 2026 13:39:17 GMT
< Content-Type: application/vnd.npm.install-v1+json
< Transfer-Encoding: chunked
< Connection: keep-alive
< set-cookie: __cf_bm=CBDycAmFVP0l.CYYVk0mIXiUWC84SPRDbR19XZ0xHFo-1787405957.0275319-1.0.1.1-8Xh.w2w9vUZqHttLlXidgFhvtuCxgOzN4ici.3WOGmVXuExmC4htM7DbGIjwWQex0Ke5MiJPpGuH.cTKGcgZI00JrGkcZDQDFo9N6.1Y0ST774pOxd14aA7QbOhjObqQ; HttpOnly; SameSite=None; Secure; Path=/; Domain=npmjs.org; Expires=Sat, 22 Aug 2026 14:09:17 GMT
< set-cookie: _cfuvid=WPTBelIgTBVrj173xAwzgVfBjNZ9VBxq1MBXKYLQ874-1787405957.0275319-1.0.1.1-8JIDsmChNtKabh5QPIb2L_nmkKheDgcUq1pu9PQ8L8s; HttpOnly; SameSite=None; Secure; Path=/; Domain=npmjs.org
< CF-Ray: a2f2485f6af2de9a-EWR
< CF-Cache-Status: HIT
< Access-Control-Allow-Origin: *
< Age: 260
< Cache-Control: public, max-age=300
< Vary: accept-encoding, accept
< Last-Modified: Tue, 18 Aug 2026 15:01:34 GMT
< Server: cloudflare
< ETag: W/"ebbe343ec43a6ba44803cbf4f3b45452"
< Content-Encoding: br

[PackageManager] waiting for 34 tasks
    [12.45s]
Downloaded @oxfmt/binding-win32-arm64-msvc versions
[PackageManager] waiting for 34 tasks
   - "@oxfmt/binding-win32-arm64-msvc": "0.64.0" - @oxfmt/binding-win32-arm64-msvc@0.64.0
< 200 OK
< Date: Sat, 22 Aug 2026 13:39:17 GMT
< Content-Type: application/vnd.npm.install-v1+json
< Transfer-Encoding: chunked
< Connection: keep-alive
< set-cookie: __cf_bm=3XpRgpQvcm9n6CplZGHSsYjv3DqhCyeHITEOWN1dPDw-1787405957.1362083-1.0.1.1-Edr3YtoX45hLB8E.EJxmAQaHI45Jse.fGEDCJdkpCHK3gock4EsaxrKDAv85y7IOnLYIhumU1542hsNEx4mMyCbIays7ohXzCt.ZiW04CHkcdqooHYlFIODxo2BJ8c3U; HttpOnly; SameSite=None; Secure; Path=/; Domain=npmjs.org; Expires=Sat, 22 Aug 2026 14:09:17 GMT
< set-cookie: _cfuvid=lqhDL5fMIzUaHCBKm88YVR8wtwsiwkbgE2LIoQ1r05k-1787405957.1362083-1.0.1.1-2ymbUsbNrAhXDnj65y8mBkFyrVxVYXCm.N0RzEk.Z.U; HttpOnly; SameSite=None; Secure; Path=/; Domain=npmjs.org
< CF-Ray: a2f2486019a1af27-EWR
< CF-Cache-Status: HIT
< Access-Control-Allow-Origin: *
< Age: 118
< Cache-Control: public, max-age=300
< Vary: accept-encoding, accept
< Last-Modified: Tue, 18 Aug 2026 15:03:51 GMT
< Server: cloudflare
< ETag: W/"d5feccc7395328f3298469324b346037"
< Content-Encoding: br

[PackageManager] waiting for 33 tasks
    [12.46s]
Downloaded @oxfmt/binding-linux-riscv64-gnu versions
[PackageManager] waiting for 33 tasks
   - "@oxfmt/binding-linux-riscv64-gnu": "0.64.0" - @oxfmt/binding-linux-riscv64-gnu@0.64.0
< 200 OK
< Date: Sat, 22 Aug 2026 13:39:17 GMT
< Content-Type: application/vnd.npm.install-v1+json
< Transfer-Encoding: chunked
< Connection: keep-alive
< set-cookie: __cf_bm=o28w7gm0Qepc_7bBHBX0J_AqD4VYBDinfAIMds4Rg9E-1787405957.1565912-1.0.1.1-0207Shqgn.WtGqQG4RdAJMxpsTtEEKnQxTZzhtPZmrqyYTSC0E7WF1GlpljUWw0Wv2EnikhSe9I0NpTFuC7UfcxM.e50LIbC9i9dY..Ngv6XQJhuCQ66s_W8rkkEFYK1; HttpOnly; SameSite=None; Secure; Path=/; Domain=npmjs.org; Expires=Sat, 22 Aug 2026 14:09:17 GMT
< set-cookie: _cfuvid=DzkQ2RytpoxWAZgmEIY3Eyf_YO7IB1XxMp_p_whS.GQ-1787405957.1565912-1.0.1.1-WdUSE_xjFuUiWvl9Zl.buvCn3KJ4Vfua7GEkKA8pjvI; HttpOnly; SameSite=None; Secure; Path=/; Domain=npmjs.org
< CF-Ray: a2f24860386ca4c6-EWR
< CF-Cache-Status: HIT
< Access-Control-Allow-Origin: *
< Age: 225
< Cache-Control: public, max-age=300
< Vary: accept-encoding, accept
< Last-Modified: Tue, 18 Aug 2026 15:02:11 GMT
< Server: cloudflare
< ETag: W/"8efe6ed4f901d1f6488a2217c117d9e0"
< Content-Encoding: br

< 200 OK
< Date: Sat, 22 Aug 2026 13:39:17 GMT
< Content-Type: application/vnd.npm.install-v1+json
< Transfer-Encoding: chunked
< Connection: keep-alive
< set-cookie: __cf_bm=CPM.GNe8jKFbBqkP7v5KDa_B4ITJDS0WlIwizn1UXhg-1787405957.1572716-1.0.1.1-e1MMICkR5NLVXKz064HzuDBHR_XODhqfUpWgq_OIlGXE8ksMxyR2ZcfnJ5OCs0F6iTMen13xB4VLarawMuOFdVzHeRIC7k70XYg9PCNiR_a5Uq_7YNT2nDhGoPV.6x2f; HttpOnly; SameSite=None; Secure; Path=/; Domain=npmjs.org; Expires=Sat, 22 Aug 2026 14:09:17 GMT
< set-cookie: _cfuvid=92hBo64e058AEqthCC7rWjLe1QbncDktIrWraosDPDw-1787405957.1572716-1.0.1.1-nH1v7JrlXp.ULEu4Bha27b6PcwZ4GTQb8PbQBNDq.8E; HttpOnly; SameSite=None; Secure; Path=/; Domain=npmjs.org
< CF-Ray: a2f248603957dd64-EWR
< CF-Cache-Status: HIT
< Access-Control-Allow-Origin: *
< Age: 171
< Cache-Control: public, max-age=300
< Vary: accept-encoding, accept
< Last-Modified: Tue, 18 Aug 2026 15:03:01 GMT
< Server: cloudflare
< ETag: W/"8317ee6985f08f4792a0857e93cfbf4e"
< Content-Encoding: br

< 200 OK
< Date: Sat, 22 Aug 2026 13:39:17 GMT
< Content-Type: application/vnd.npm.install-v1+json
< Transfer-Encoding: chunked
< Connection: keep-alive
< set-cookie: __cf_bm=LkUpRcjJx1ECcJkk5ciGOFfnN_l.Ol00tznA9y7XrUc-1787405957.1508212-1.0.1.1-TIiSnONEvq3aR7WR6_nVjv3vx5Wt20v5RSQQmyluMSe9c15Fq3UyCNPaZhSJGHBf8qFNAhZ2M0J4WBBMkIcpj_AiNs8ENC1X40mptCkPVhcvynqv3WBlxDwi.KSpnPrB; HttpOnly; SameSite=None; Secure; Path=/; Domain=npmjs.org; Expires=Sat, 22 Aug 2026 14:09:17 GMT
< set-cookie: _cfuvid=xLdYgCYc3mWy9LiK7.IH9RbrUzlxGBMWuutticHbUD0-1787405957.1508212-1.0.1.1-KTGwAGYInW6czP1Jg98gAJUJcLAn6.V9TSiIsk6ZMF0; HttpOnly; SameSite=None; Secure; Path=/; Domain=npmjs.org
< CF-Ray: a2f248603bf3269c-EWR
< CF-Cache-Status: HIT
< Access-Control-Allow-Origin: *
< Age: 260
< Cache-Control: public, max-age=300
< Vary: accept-encoding, accept
< Last-Modified: Tue, 18 Aug 2026 15:02:38 GMT
< Server: cloudflare
< ETag: W/"2809a9d32d54e1bb559718314bcfd579"
< Content-Encoding: br

[PackageManager] waiting for 32 tasks
    [12.51s]
Downloaded @oxfmt/binding-linux-arm64-gnu versions
[PackageManager] waiting for 32 tasks
   - "@oxfmt/binding-linux-arm64-gnu": "0.64.0" - @oxfmt/binding-linux-arm64-gnu@0.64.0
 HTTP/1.1 GET https://registry.npmjs.org/@oxfmt/binding-linux-arm64-gnu/-/binding-linux-arm64-gnu-0.64.0.tgz
 Connection: keep-alive
 User-Agent: Bun/1.4.1
 Accept: */*
 Host: registry.npmjs.org
 Accept-Encoding: gzip, deflate, br, zstd
[PackageManager] waiting for 32 tasks
    [12.52s]
Downloaded @oxfmt/binding-linux-arm64-musl versions
[PackageManager] waiting for 32 tasks
    [12.52s]
Downloaded @oxfmt/binding-android-arm-eabi versions
   - "@oxfmt/binding-linux-arm64-musl": "0.64.0" - @oxfmt/binding-linux-arm64-musl@0.64.0
 HTTP/1.1 GET https://registry.npmjs.org/@oxfmt/binding-linux-arm64-musl/-/binding-linux-arm64-musl-0.64.0.tgz
 Connection: keep-alive
 User-Agent: Bun/1.4.1
 Accept: */*
 Host: registry.npmjs.org
 Accept-Encoding: gzip, deflate, br, zstd
[PackageManager] waiting for 32 tasks
   - "@oxfmt/binding-android-arm-eabi": "0.64.0" - @oxfmt/binding-android-arm-eabi@0.64.0
[PackageManager] waiting for 31 tasks
< 200 OK
< Date: Sat, 22 Aug 2026 13:39:17 GMT
< Content-Type: application/vnd.npm.install-v1+json
< Transfer-Encoding: chunked
< Connection: keep-alive
< set-cookie: __cf_bm=IRLHHofE.euRFAYmkE8zPKr_BELwFN_chchJqteVeXk-1787405957.581101-1.0.1.1-4eIyarchH2hy_JiTiBrkKkNliTv81erSZqVHmdGmzqgT.wBRG3vntHRk9uwQEGN5eMnXBbBAPI5mHUrq7LekpuF7yUd117hvXYTKuYH1XoB4VT0pVWEeAMHO0KVO_WVb; HttpOnly; SameSite=None; Secure; Path=/; Domain=npmjs.org; Expires=Sat, 22 Aug 2026 14:09:17 GMT
< set-cookie: _cfuvid=bVHSFGMRta2Gqqhawu5YxAMRirrLGqUfJuxNcBi58e0-1787405957.581101-1.0.1.1-LP7lVKFR5XusIGS3ey_P2hC9jf2NUCb0Cw9z1J_cKio; HttpOnly; SameSite=None; Secure; Path=/; Domain=npmjs.org
< CF-Ray: a2f24862de764350-EWR
< CF-Cache-Status: HIT
< Access-Control-Allow-Origin: *
< Age: 44
< Cache-Control: public, max-age=300
< Vary: accept-encoding, accept
< Last-Modified: Tue, 18 Aug 2026 15:15:33 GMT
< Server: cloudflare
< ETag: W/"a2e0d3a4d1dfe746ce04337e673cfd27"
< Content-Encoding: br

< 200 OK
< Date: Sat, 22 Aug 2026 13:39:17 GMT
< Content-Type: application/vnd.npm.install-v1+json
< Transfer-Encoding: chunked
< Connection: keep-alive
< set-cookie: __cf_bm=Txv8c1ZSO8yYxIUSivc9GDe88LzkTpjfuI8PSMBzlEY-1787405957.5811198-1.0.1.1-p9TcuHejB1VGa0CFKvMdiEEjLowbv7hZHyzLN2lYP.ct1sKcMq8aI8exbZpURBFygzEM.87Xbz83Q3mJ9xFu3QChL9j8oAb2c4.scu7QiLgxfKjEMR_tuGC1om6A4X9A; HttpOnly; SameSite=None; Secure; Path=/; Domain=npmjs.org; Expires=Sat, 22 Aug 2026 14:09:17 GMT
< set-cookie: _cfuvid=7HnT8MYUAmbEf48RgPDE4VFpqMHORimp3Pq3wWTZVRM-1787405957.5811198-1.0.1.1-nnnhsJMTDyGFpkULLLKPcuQrEzHUNS7JyoGjSieGol4; HttpOnly; SameSite=None; Secure; Path=/; Domain=npmjs.org
< CF-Ray: a2f24862da8e430f-EWR
< CF-Cache-Status: HIT
< Access-Control-Allow-Origin: *
< Age: 195
< Cache-Control: public, max-age=300
< Vary: accept-encoding, accept
< Last-Modified: Tue, 18 Aug 2026 15:03:07 GMT
< Server: cloudflare
< ETag: W/"7b9c27125fa5ab7aeaad073534ba2337"
< Content-Encoding: br

[PackageManager] waiting for 31 tasks
    [11.88s]
Downloaded @oxlint/binding-linux-x64-musl versions
[PackageManager] waiting for 31 tasks
   - "@oxlint/binding-linux-x64-musl": "1.78.0" - @oxlint/binding-linux-x64-musl@1.78.0
[PackageManager] waiting for 30 tasks
    [11.89s]
Downloaded @oxlint/binding-android-arm64 versions
[PackageManager] waiting for 30 tasks
   - "@oxlint/binding-android-arm64": "1.78.0" - @oxlint/binding-android-arm64@1.78.0
 HTTP/1.1 GET https://registry.npmjs.org/@oxfmt%2fbinding-linux-x64-musl
 Accept: application/vnd.npm.install-v1+json; q=1.0, application/json; q=0.8, */*
 Connection: keep-alive
 User-Agent: Bun/1.4.1
 Host: registry.npmjs.org
 Accept-Encoding: gzip, deflate, br, zstd
< 200 OK
< Date: Sat, 22 Aug 2026 13:39:18 GMT
< Content-Type: application/octet-stream
< Content-Length: 3546220
< Connection: keep-alive
< set-cookie: __cf_bm=djenyHbG1eeX54PJBByLmbe6COH3SZcMzXkJlU.3ZO4-1787405958.3614473-1.0.1.1-xBBAc7ngBJVbDj734CbTVF6aeTKuvMe2_hrbu3_WltKJkFVC4sje4.NjThG6f1SWwCsoCio9UeezUOF3K3zq2McA6uWP29fDqXkWPZ0zVZeABTcpPGYwrRSDqNwlGcHa; HttpOnly; SameSite=None; Secure; Path=/; Domain=npmjs.org; Expires=Sat, 22 Aug 2026 14:09:18 GMT
< set-cookie: _cfuvid=HPnPPPN.w37bKnDXsfLeXLQxpqHHKquH9K6zV3EP4wk-1787405958.3614473-1.0.1.1-mhWYwQapMJyDoYjMkA49mxcW2kthhMcB3FezI8kf3kI; HttpOnly; SameSite=None; Secure; Path=/; Domain=npmjs.org
< CF-Ray: a2f24867cbb5ae70-EWR
< CF-Cache-Status: HIT
< Accept-Ranges: bytes
< Access-Control-Allow-Origin: *
< Age: 340577
< Cache-Control: public, must-revalidate, max-age=31557600
< ETag: "048c88575a03bc20fe0c930af129b60f"
< Last-Modified: Tue, 18 Aug 2026 15:03:01 GMT
< Server: cloudflare

[PackageManager] waiting for 29 tasks
    [6.42s] Downloaded bun-types tarball
< 200 OK
< Date: Sat, 22 Aug 2026 13:39:18 GMT
< Content-Type: application/octet-stream
< Content-Length: 3529600
< Connection: keep-alive
< set-cookie: __cf_bm=EceD4orA4aqDaUDj4DvCpf9rHo6fGJTQoLi57CwRpjQ-1787405958.378384-1.0.1.1-hafWbaPFERyimSaS8ReIJ1xGgeb7_VMlGSIed0l.XmS.kp1I2VKumGlIzkG0Xd.TEsv_ifRb5Ipldj2IPa3h9V3Kcuu5xBYixNsxd.HDTKaoAPlEgH0n3x4_gctLKEM6; HttpOnly; SameSite=None; Secure; Path=/; Domain=npmjs.org; Expires=Sat, 22 Aug 2026 14:09:18 GMT
< set-cookie: _cfuvid=xAH_a4p4Ye4UO3TXbXpMBfB5dcykP.BpQM5kXH8R60c-1787405958.378384-1.0.1.1-QF.oGLtDRGQN_IIN9WKUxO4LYiOQ7Figsn5SbXNls.g; HttpOnly; SameSite=None; Secure; Path=/; Domain=npmjs.org
< CF-Ray: a2f24867df27a4c6-EWR
< CF-Cache-Status: HIT
< Accept-Ranges: bytes
< Access-Control-Allow-Origin: *
< Age: 126869
< Cache-Control: public, must-revalidate, max-age=31557600
< ETag: "4ed581de9fa67add87a36e2311807ee2"
< Last-Modified: Tue, 18 Aug 2026 15:02:11 GMT
< Server: cloudflare

 package.json
 CLAUDE.md
 docs/README.md
 README.md
 docs/guides/install/add-dev.mdx
 docs/guides/install/add-git.mdx
 docs/guides/install/add-optional.mdx
 docs/guides/install/add-peer.mdx
 docs/guides/install/add-tarball.mdx
 docs/guides/install/add.mdx
 docs/pm/cli/add.mdx
 docs/snippets/cli/add.mdx
 docs/guides/write-file/append.mdx
 docs/runtime/archive.mdx
 docs/guides/process/argv.mdx
 docs/guides/binary/arraybuffer-to-array.mdx
 docs/guides/binary/arraybuffer-to-blob.mdx
 docs/guides/binary/arraybuffer-to-buffer.mdx
 docs/guides/binary/arraybuffer-to-string.mdx
 docs/guides/binary/arraybuffer-to-typedarray.mdx
 docs/guides/read-file/arraybuffer.mdx
 docs/guides/ecosystem/astro.mdx
 docs/pm/cli/audit.mdx
 docs/runtime/auto-install.mdx
 docs/guides/deployment/aws-lambda.mdx
 docs/guides/install/azure-artifacts.mdx
 docs/guides/test/bail.mdx
 docs/guides/util/base64.mdx
 docs/guides/write-file/basic.mdx
 docs/project/benchmarking.mdx
 docs/runtime/binary-data.mdx
 docs/project/bindgen.mdx
 docs/guides/binary/blob-to-arraybuffer.mdx
 docs/guides/binary/blob-to-dataview.mdx
 docs/guides/binary/blob-to-stream.mdx
 docs/guides/binary/blob-to-string.mdx
 docs/guides/binary/blob-to-typedarray.mdx
 docs/guides/write-file/blob.mdx
 docs/guides/binary/buffer-to-arraybuffer.mdx
 docs/guides/binary/buffer-to-blob.mdx
 docs/guides/binary/buffer-to-readablestream.mdx
 docs/guides/binary/buffer-to-string.mdx
 docs/guides/binary/buffer-to-typedarray.mdx
 docs/guides/read-file/buffer.mdx
 docs/guides/runtime/build-time-constants.mdx
 docs/snippets/cli/build.mdx
 docs/project/building-windows.mdx
 docs/runtime/bun-apis.mdx
 docs/runtime/bunfig.mdx
 docs/pm/bunx.mdx
 docs/snippets/cli/bunx.mdx
 docs/bundler/bytecode.mdx
 docs/runtime/c-compiler.mdx
 docs/guides/write-file/cat.mdx
 docs/pm/catalogs.mdx
 docs/runtime/child-process.mdx
 docs/guides/install/cicd.mdx
 docs/guides/runtime/cicd.mdx
 docs/guides/http/cluster.mdx
 docs/test/code-coverage.mdx
 docs/guides/runtime/codesign-macos-executable.mdx
 docs/runtime/color.mdx
 docs/guides/websocket/compression.mdx
 docs/guides/test/concurrent-test-glob.mdx
 docs/test/configuration.mdx
 docs/runtime/console.mdx
 docs/guides/websocket/context.mdx
 docs/project/contributing.mdx
 docs/runtime/cookies.mdx
 docs/runtime/http/cookies.mdx
 docs/guides/test/coverage-threshold.mdx
 docs/guides/test/coverage.mdx
 docs/runtime/templating/create.mdx
 docs/runtime/cron.mdx
 docs/runtime/csrf.mdx
 docs/bundler/css.mdx
 docs/guides/process/ctrl-c.mdx
 docs/guides/install/custom-registry.mdx
 docs/guides/binary/dataview-to-string.mdx
 docs/test/dates-times.mdx
 docs/runtime/debugger.mdx
 docs/pm/cli/dedupe.mdx
 docs/guides/util/deep-equals.mdx
 docs/guides/runtime/define-constant.mdx
 docs/guides/util/deflate.mdx
 docs/guides/runtime/delete-directory.mdx
 docs/guides/runtime/delete-file.mdx
 docs/guides/util/detect-bun.mdx
 docs/guides/deployment/digital-ocean.mdx
 docs/guides/ecosystem/discordjs.mdx
 docs/test/discovery.mdx
 docs/runtime/networking/dns.mdx
 docs/guides/ecosystem/docker.mdx
 docs/test/dom.mdx
 docs/guides/ecosystem/drizzle.mdx
 docs/guides/ecosystem/elysia.mdx
 docs/guides/util/entrypoint.mdx
 docs/runtime/environment-variables.mdx
 docs/runtime/http/error-handling.mdx
 docs/bundler/esbuild.mdx
 docs/guides/util/escape-html.mdx
 docs/bundler/executables.mdx
 docs/guides/read-file/exists.mdx
 docs/guides/ecosystem/express.mdx
 docs/guides/html-rewriter/extract-links.mdx
 docs/guides/html-rewriter/extract-social-meta.mdx
 docs/feedback.mdx
 docs/guides/http/fetch-unix.mdx
 docs/guides/http/fetch.mdx
 docs/runtime/networking/fetch.mdx
 docs/runtime/ffi.mdx
 docs/guides/write-file/file-cp.mdx
 docs/runtime/file-io.mdx
 docs/runtime/file-system-router.mdx
 docs/runtime/file-types.mdx
 docs/guides/http/file-uploads.mdx
 docs/guides/util/file-url-to-path.mdx
 docs/guides/write-file/filesink.mdx
 docs/pm/filter.mdx
 docs/guides/install/from-npm-install-to-bun-install.mdx
 docs/bundler/fullstack.mdx
 docs/guides/ecosystem/gel.mdx
 docs/guides/install/git-diff-bun-lockfile.mdx
 docs/runtime/glob.mdx
 docs/pm/global-cache.mdx
 docs/pm/global-store.mdx
 docs/runtime/globals.mdx
 docs/guides/deployment/google-cloud-run.mdx
 docs/guides/util/gzip.mdx
 docs/guides/test/happy-dom.mdx
 docs/guides/util/hash-a-password.mdx
 docs/runtime/hashing.mdx
 docs/guides/runtime/heap-snapshot.mdx
 docs/guides/ecosystem/hono.mdx
 docs/bundler/hot-reloading.mdx
 docs/guides/http/hot.mdx
 docs/runtime/html-rewriter.mdx
 docs/bundler/html-static.mdx
 docs/runtime/image.mdx
 docs/guides/runtime/import-html.mdx
 docs/guides/runtime/import-json.mdx
 docs/guides/runtime/import-json5.mdx
 docs/guides/util/import-meta-dir.mdx
 docs/guides/util/import-meta-file.mdx
 docs/guides/util/import-meta-path.mdx
 docs/guides/runtime/import-toml.mdx
 docs/guides/runtime/import-xml.mdx
 docs/guides/runtime/import-yaml.mdx
 docs/bundler/index.mdx
 docs/guides/index.mdx
 docs/index.mdx
 docs/runtime/index.mdx
 docs/test/index.mdx
 docs/pm/cli/info.mdx
 docs/runtime/templating/init.mdx
 docs/snippets/cli/init.mdx
 docs/pm/cli/install.mdx
 docs/snippets/cli/install.mdx
 docs/installation.mdx
 docs/guides/process/ipc.mdx
 docs/pm/isolated-installs.mdx
 docs/guides/util/javascript-uuid.mdx
 docs/guides/install/jfrog-artifactory.mdx
 docs/guides/read-file/json.mdx
 docs/runtime/json5.mdx
 docs/runtime/jsonl.mdx
 docs/runtime/jsx.mdx
 docs/project/license.mdx
 docs/pm/lifecycle.mdx
 docs/test/lifecycle.mdx
 docs/pm/cli/link.mdx
 docs/snippets/cli/link.mdx
 docs/bundler/loaders.mdx
 docs/pm/lockfile.mdx
 docs/bundler/macros.mdx
 docs/guides/util/main.mdx
 docs/runtime/markdown.mdx
 docs/runtime/http/metrics.mdx
 docs/guides/test/migrate-from-jest.mdx
 docs/guides/read-file/mime.mdx
 docs/bundler/minifier.mdx
 docs/guides/test/mock-clock.mdx
 docs/guides/test/mock-functions.mdx
 docs/test/mocks.mdx
 docs/runtime/module-resolution.mdx
 docs/guides/ecosystem/mongoose.mdx
 docs/guides/process/nanoseconds.mdx
 docs/guides/ecosystem/neon-drizzle.mdx
 docs/guides/ecosystem/neon-serverless-postgres.mdx
 docs/guides/ecosystem/nextjs.mdx
 docs/runtime/node-api.mdx
 docs/guides/streams/node-readable-to-arraybuffer.mdx
 docs/guides/streams/node-readable-to-blob.mdx
 docs/guides/streams/node-readable-to-json.mdx
 docs/guides/streams/node-readable-to-string.mdx
 docs/guides/streams/node-readable-to-uint8array.mdx
 docs/runtime/nodejs-compat.mdx
 docs/guides/install/npm-alias.mdx
 docs/pm/npmrc.mdx
 docs/guides/ecosystem/nuxt.mdx
 docs/guides/process/os-signals.mdx
 docs/pm/cli/outdated.mdx
 docs/snippets/cli/outdated.mdx
 docs/pm/overrides.mdx
 docs/test/parallel.mdx
 docs/pm/cli/patch.mdx
 docs/snippets/cli/patch.mdx
 docs/guides/util/path-to-file-url.mdx
 docs/bundler/plugins.mdx
 docs/runtime/plugins.mdx
 docs/pm/cli/pm.mdx
 docs/guides/ecosystem/pm2.mdx
 docs/guides/ecosystem/prisma-postgres.mdx
 docs/guides/ecosystem/prisma.mdx
 docs/guides/http/proxy.mdx
 docs/pm/cli/prune.mdx
 docs/pm/cli/publish.mdx
 docs/snippets/cli/publish.mdx
 docs/guides/websocket/pubsub.mdx
 docs/quickstart.mdx
 docs/guides/ecosystem/qwik.mdx
 docs/guides/deployment/railway.mdx
 docs/guides/ecosystem/react.mdx
 docs/guides/runtime/read-env.mdx
 docs/runtime/redis.mdx
 docs/guides/install/registry-scope.mdx
 docs/guides/ecosystem/remix.mdx
 docs/pm/cli/remove.mdx
 docs/snippets/cli/remove.mdx
 docs/guides/deployment/render.mdx
 docs/runtime/repl.mdx
 docs/test/reporters.mdx
 docs/guides/test/rerun-each.mdx
 docs/guides/write-file/response.mdx
 docs/project/roadmap.mdx
 docs/runtime/http/routing.mdx
 docs/guides/test/run-tests.mdx
 docs/snippets/cli/run.mdx
 docs/test/runtime-behavior.mdx
 docs/runtime/s3.mdx
 docs/pm/scopes-registries.mdx
 docs/runtime/secrets.mdx
 docs/pm/security-scanner-api.mdx
 docs/runtime/semver.mdx
 docs/guides/ecosystem/sentry.mdx
 docs/guides/http/server.mdx
 docs/runtime/http/server.mdx
 docs/guides/runtime/set-env.mdx
 docs/guides/runtime/shell.mdx
 docs/runtime/shell.mdx
 docs/guides/http/simple.mdx
 docs/guides/websocket/simple.mdx
 docs/guides/test/skip-tests.mdx
 docs/guides/util/sleep.mdx
 docs/guides/test/snapshot.mdx
 docs/test/snapshots.mdx
 docs/guides/ecosystem/solidstart.mdx
 docs/guides/process/spawn-stderr.mdx
 docs/guides/process/spawn-stdout.mdx
 docs/guides/process/spawn.mdx
 docs/guides/test/spy-on.mdx
 docs/runtime/sql.mdx
 docs/runtime/sqlite.mdx
 docs/guides/http/sse.mdx
 docs/guides/ecosystem/ssr-react.mdx
 docs/bundler/standalone-html.mdx
 docs/guides/process/stdin.mdx
 docs/guides/write-file/stdout.mdx
 docs/guides/http/stream-file.mdx
 docs/guides/http/stream-iterator.mdx
 docs/guides/http/stream-node-streams-in-bun.mdx
 docs/guides/read-file/stream.mdx
 docs/guides/write-file/stream.mdx
 docs/runtime/streams.mdx
 docs/guides/read-file/string.mdx
 docs/guides/test/svelte-test.mdx
 docs/guides/ecosystem/sveltekit.mdx
 docs/guides/ecosystem/systemd.mdx
 docs/guides/ecosystem/tanstack-start.mdx
 docs/runtime/networking/tcp.mdx
 docs/snippets/cli/test.mdx
 docs/guides/test/testing-library.mdx
 docs/guides/test/timeout.mdx
 docs/guides/runtime/timezone.mdx
 docs/guides/http/tls.mdx
 docs/runtime/http/tls.mdx
 docs/guides/streams/to-array.mdx
 docs/guides/streams/to-arraybuffer.mdx
 docs/guides/streams/to-blob.mdx
 docs/guides/streams/to-buffer.mdx
 docs/guides/streams/to-json.mdx
 docs/guides/streams/to-string.mdx
 docs/guides/streams/to-typedarray.mdx
 docs/guides/test/todo-tests.mdx
 docs/runtime/toml.mdx
 docs/runtime/transpiler.mdx
 docs/guides/install/trusted.mdx
 docs/guides/runtime/tsconfig-paths.mdx
 docs/guides/binary/typedarray-to-arraybuffer.mdx
 docs/guides/binary/typedarray-to-blob.mdx
 docs/guides/binary/typedarray-to-buffer.mdx
 docs/guides/binary/typedarray-to-dataview.mdx
 docs/guides/binary/typedarray-to-readablestream.mdx
 docs/guides/binary/typedarray-to-string.mdx
 docs/typescript-6.mdx
 docs/guides/runtime/typescript.mdx
 docs/runtime/typescript.mdx
 docs/typescript.mdx
 docs/runtime/networking/udp.mdx
 docs/guides/read-file/uint8array.mdx
 docs/guides/write-file/unlink.mdx
 docs/guides/test/update-snapshots.mdx
 docs/pm/cli/update.mdx
 docs/snippets/cli/update.mdx
 docs/guides/util/upgrade.mdx
 docs/guides/ecosystem/upstash.mdx
 docs/runtime/utils.mdx
 docs/guides/deployment/vercel.mdx
 docs/guides/util/version.mdx
 docs/guides/ecosystem/vite.mdx
 docs/guides/runtime/vscode-debugger.mdx
 docs/guides/test/watch-mode.mdx
 docs/runtime/watch-mode.mdx
 docs/guides/read-file/watch.mdx
 docs/runtime/web-apis.mdx
 docs/guides/runtime/web-debugger.mdx
 docs/runtime/http/websockets.mdx
 docs/runtime/webview.mdx
 docs/guides/util/which-path-to-executable-bin.mdx
 docs/pm/cli/why.mdx
 docs/runtime/workers.mdx
 docs/guides/install/workspaces.mdx
 docs/pm/workspaces.mdx
 docs/test/writing-tests.mdx
 docs/runtime/xml.mdx
 docs/runtime/yaml.mdx
 docs/guides/install/yarnlock.mdx
 vendor/expect-type/branding.d.ts
 bun.d.ts
 bun.ns.d.ts
 bundle.d.ts
 deprecated.d.ts
 devserver.d.ts
 extensions.d.ts
 fetch.d.ts
 ffi.d.ts
 globals.d.ts
 html-rewriter.d.ts
 index.d.ts
 vendor/expect-type/index.d.ts
 jsc.d.ts
 jsx.d.ts
 vendor/expect-type/messages.d.ts
 vendor/expect-type/overloads.d.ts
 overrides.d.ts
 redis.d.ts
 s3.d.ts
 security.d.ts
 serve.d.ts
 shell.d.ts
 sql.d.ts
 sqlite.d.ts
 test-globals.d.ts
 test.d.ts
 vendor/expect-type/utils.d.ts
 wasm.d.ts
[bun-types] Extract .f47a0bfe97f157b5-D.bun-types (0.76 MB tgz file)
[bun-types] Extracted to .f47a0bfe97f157b5-D.bun-types (130.7ms)
[PackageManager] waiting for 29 tasks
 HTTP/1.1 GET https://registry.npmjs.org/@oxfmt%2fbinding-win32-x64-msvc
 Accept: application/vnd.npm.install-v1+json; q=1.0, application/json; q=0.8, */*
 Connection: keep-alive
 User-Agent: Bun/1.4.1
 Host: registry.npmjs.org
 Accept-Encoding: gzip, deflate, br, zstd
 HTTP/1.1 GET https://registry.npmjs.org/@oxfmt%2fbinding-linux-x64-gnu
 Accept: application/vnd.npm.install-v1+json; q=1.0, application/json; q=0.8, */*
 Connection: keep-alive
 User-Agent: Bun/1.4.1
 Host: registry.npmjs.org
 Accept-Encoding: gzip, deflate, br, zstd
 HTTP/1.1 GET https://registry.npmjs.org/@oxfmt%2fbinding-android-arm64
 Accept: application/vnd.npm.install-v1+json; q=1.0, application/json; q=0.8, */*
 Connection: keep-alive
 User-Agent: Bun/1.4.1
 Host: registry.npmjs.org
 Accept-Encoding: gzip, deflate, br, zstd
 HTTP/1.1 GET https://registry.npmjs.org/@oxfmt%2fbinding-darwin-arm64
 Accept: application/vnd.npm.install-v1+json; q=1.0, application/json; q=0.8, */*
 Connection: keep-alive
 User-Agent: Bun/1.4.1
 Host: registry.npmjs.org
 Accept-Encoding: gzip, deflate, br, zstd
 HTTP/1.1 GET https://registry.npmjs.org/@oxfmt%2fbinding-freebsd-x64
 Accept: application/vnd.npm.install-v1+json; q=1.0, application/json; q=0.8, */*
 Connection: keep-alive
 User-Agent: Bun/1.4.1
 Host: registry.npmjs.org
 Accept-Encoding: gzip, deflate, br, zstd
 HTTP/1.1 GET https://registry.npmjs.org/@effect/language-service/-/language-service-0.87.2.tgz
 Connection: keep-alive
 User-Agent: Bun/1.4.1
 Accept: */*
 Host: registry.npmjs.org
 Accept-Encoding: gzip, deflate, br, zstd
 HTTP/1.1 GET https://registry.npmjs.org/@effect/experimental/-/experimental-0.61.1.tgz
 Connection: keep-alive
 User-Agent: Bun/1.4.1
 Accept: */*
 Host: registry.npmjs.org
 Accept-Encoding: gzip, deflate, br, zstd
 HTTP/1.1 GET https://registry.npmjs.org/effect/-/effect-4.0.0-rc.111.tgz
 Connection: keep-alive
 User-Agent: Bun/1.4.1
 Accept: */*
 Host: registry.npmjs.org
 Accept-Encoding: gzip, deflate, br, zstd
< 200 OK
< Date: Sat, 22 Aug 2026 13:39:19 GMT
< Content-Type: application/vnd.npm.install-v1+json
< Transfer-Encoding: chunked
< Connection: keep-alive
< set-cookie: __cf_bm=bKW.Ap4DhVoG3UQxpTflc1PJrgOwllXi3xq.4xcdDOA-1787405959.1157837-1.0.1.1-U3keHpEqF32cryzroT37oQyoLHNe1A6skumP2LMc0zJ5YGSG01km4PZzlP9dqXZQG4WKwIgcBegjt0ZISWgbYzYpd2c1dgZdh64dIr8kHDVqgBATXK2S_mhdoOeoBhDt; HttpOnly; SameSite=None; Secure; Path=/; Domain=npmjs.org; Expires=Sat, 22 Aug 2026 14:09:19 GMT
< set-cookie: _cfuvid=rlmfRa9w52.rMj5npbG63L7DWO_zsz5wz86nn6kfXiA-1787405959.1157837-1.0.1.1-2.FGY3UJSd.lke4qEm2Yra8ABYcNqEWqf9D2bmjDW4E; HttpOnly; SameSite=None; Secure; Path=/; Domain=npmjs.org
< CF-Ray: a2f2486c7a5ad218-EWR
< CF-Cache-Status: HIT
< Access-Control-Allow-Origin: *
< Cache-Control: public, max-age=300
< Vary: accept-encoding, accept
< Last-Modified: Tue, 18 Aug 2026 15:05:35 GMT
< Server: cloudflare
< ETag: W/"781758998cfec290a4cb892579c14fe7"
< Content-Encoding: br

< 200 OK
< Date: Sat, 22 Aug 2026 13:39:19 GMT
< Content-Type: application/vnd.npm.install-v1+json
< Transfer-Encoding: chunked
< Connection: keep-alive
< set-cookie: __cf_bm=bJ3Aoi9BXdJXOK96EP3XzxnrK2IvJix2hrinDhsTbrw-1787405959.1914804-1.0.1.1-mTuwALDZAHaW4c9kg9xkcOaMPKcUb9toheMzAyde9X.ci5X6fdRUgY5YxXj4aw5oXyRnigvx0PbrNi3nFkkYf5QJHENKq3MptEsQ4XTxQvLeivFsYP2lagmP640mPi6J; HttpOnly; SameSite=None; Secure; Path=/; Domain=npmjs.org; Expires=Sat, 22 Aug 2026 14:09:19 GMT
< set-cookie: _cfuvid=59_vT_aiZDKjcwZFiyZ4QdxwyNYCOSYpkZM8SY_Ri5s-1787405959.1914804-1.0.1.1-s4C6MrLCskJbQ2uuHQNX016tqvyI0ea.qdjxHG3Q9u8; HttpOnly; SameSite=None; Secure; Path=/; Domain=npmjs.org
< CF-Ray: a2f2486cfbd10e82-EWR
< CF-Cache-Status: HIT
< Access-Control-Allow-Origin: *
< Age: 296
< Cache-Control: public, max-age=300
< Vary: accept-encoding, accept
< Last-Modified: Tue, 18 Aug 2026 15:06:06 GMT
< Server: cloudflare
< ETag: W/"b36b8b0ec44fc0d36075c0a35ec3d255"
< Content-Encoding: br

< 200 OK
< Date: Sat, 22 Aug 2026 13:39:19 GMT
< Content-Type: application/vnd.npm.install-v1+json
< Transfer-Encoding: chunked
< Connection: keep-alive
< set-cookie: __cf_bm=B7sZNG7ujwH8uRILFYFLFe3CbJ5LebEBNbksxRTVY3U-1787405959.176512-1.0.1.1-pLKa2S90k1joElr7rgngKDE4IJk0FYM9A.BXp4coMXEXCzS4FVTCdoVYLBEEmtU9.e8HRDVn1pokRpR0dYZvbpWCTMLBfA8xVaNXzdjf0hYLtJiKDjkhQSvKxsHdVP4v; HttpOnly; SameSite=None; Secure; Path=/; Domain=npmjs.org; Expires=Sat, 22 Aug 2026 14:09:19 GMT
< set-cookie: _cfuvid=0YHRQPo.RqVqIrI9oBi8lDumpkctJ8NqnM3IEx__1C4-1787405959.176512-1.0.1.1-C3xaacUA8gZv76mFkuv_8d4IoO760y4PRFHfj2RPvdE; HttpOnly; SameSite=None; Secure; Path=/; Domain=npmjs.org
< CF-Ray: a2f2486cdd00c623-EWR
< CF-Cache-Status: HIT
< Access-Control-Allow-Origin: *
< Age: 151
< Cache-Control: public, max-age=300
< Vary: accept-encoding, accept
< Last-Modified: Tue, 18 Aug 2026 15:08:26 GMT
< Server: cloudflare
< ETag: W/"982bfb3f7a475921d61dfc6aa6c99be4"
< Content-Encoding: br

[PackageManager] waiting for 28 tasks
    [14.23s]
Downloaded @oxfmt/binding-win32-x64-msvc versions
[PackageManager] waiting for 28 tasks
   - "@oxfmt/binding-win32-x64-msvc": "0.64.0" - @oxfmt/binding-win32-x64-msvc@0.64.0
< 200 OK
< Date: Sat, 22 Aug 2026 13:39:19 GMT
< Content-Type: application/vnd.npm.install-v1+json
< Transfer-Encoding: chunked
< Connection: keep-alive
< set-cookie: __cf_bm=AgCL3ecpb4z5rmIejV6pvdjgAhaKN6XqXSupUPyAqWc-1787405959.1910799-1.0.1.1-ItvlX3KL.PNMciiA3wt1hJ5WphTBS83kCoDi1sr0xRAXzK0rP3BMl7ZD_IcuQW7I6rDQaxm6tjdOnodtF.GQZTFwR6mU2Vd_gxOy13PZaozht1M5Q0LuvE3m.ZmQBhKv; HttpOnly; SameSite=None; Secure; Path=/; Domain=npmjs.org; Expires=Sat, 22 Aug 2026 14:09:19 GMT
< set-cookie: _cfuvid=uS1s0ahKmePeIYeuDjLXdbnXXXhCVF701UgwZSNIIqU-1787405959.1910799-1.0.1.1-M7HZ.ob.UNEu2L_rkWrhNXQhZxKYJiDmC0Fzdn6lod4; HttpOnly; SameSite=None; Secure; Path=/; Domain=npmjs.org
< CF-Ray: a2f2486cfd5b09ae-EWR
< CF-Cache-Status: HIT
< Access-Control-Allow-Origin: *
< Age: 291
< Cache-Control: public, max-age=300
< Vary: accept-encoding, accept
< Last-Modified: Tue, 18 Aug 2026 15:01:00 GMT
< Server: cloudflare
< ETag: W/"28f08901791e26b82111412b1e092f8b"
< Content-Encoding: br

[PackageManager] waiting for 27 tasks
    [14.27s]
Downloaded @oxfmt/binding-freebsd-x64 versions
[PackageManager] waiting for 27 tasks
   - "@oxfmt/binding-freebsd-x64": "0.64.0" - @oxfmt/binding-freebsd-x64@0.64.0
< 200 OK
< Date: Sat, 22 Aug 2026 13:39:19 GMT
< Content-Type: application/vnd.npm.install-v1+json
< Transfer-Encoding: chunked
< Connection: keep-alive
< set-cookie: __cf_bm=iNnU_MJYShGVwHiPFdMAR0yBTS8unocn0XbJhbBuB6o-1787405959.1766703-1.0.1.1-xRn95sJ1t7XG_F9F9D8.5xJGod0esAwp9dEi73ItKQJgxwrUyIoYTy1W3d3RzLwirqBnbMFF9PTQvlMOrU4cdXHoZpvwos6paDporRAhUQhnFE4B1M3K5V4vxJWp5Wgl; HttpOnly; SameSite=None; Secure; Path=/; Domain=npmjs.org; Expires=Sat, 22 Aug 2026 14:09:19 GMT
< set-cookie: _cfuvid=UGyTvCZp1q9tivOw9.WjFexkUgEolv8_4ZBKKgyQP_0-1787405959.1766703-1.0.1.1-qR2Tnr.bJaWmQUBrTsin2nJzirmA0Yl.zkdyydXt5pU; HttpOnly; SameSite=None; Secure; Path=/; Domain=npmjs.org
< CF-Ray: a2f2486cd9b63547-EWR
< CF-Cache-Status: HIT
< Access-Control-Allow-Origin: *
< Age: 268
< Cache-Control: public, max-age=300
< Vary: accept-encoding, accept
< Last-Modified: Tue, 18 Aug 2026 15:01:17 GMT
< Server: cloudflare
< ETag: W/"396443811e8d0ab68a69e4115ece3bb2"
< Content-Encoding: br

< 200 OK
< Date: Sat, 22 Aug 2026 13:39:19 GMT
< Content-Type: application/vnd.npm.install-v1+json
< Transfer-Encoding: chunked
< Connection: keep-alive
< set-cookie: __cf_bm=MbO6VlTyYt5RrxjZshInaSgh_Ts12IMsjt0NZxFnSKw-1787405959.1905186-1.0.1.1-u_yRgN7x2wsq5QZBdM3Ml5ALcdV1y0LAttckyJdIt.bZ3H.C7Q9e1RWwloy4oYuWyHRo6AiaZWE4Wg36IOzHkVNIqe8G17WSeCw9iLKF1r2uFGUixCwXeOSrwzDcz2Ia; HttpOnly; SameSite=None; Secure; Path=/; Domain=npmjs.org; Expires=Sat, 22 Aug 2026 14:09:19 GMT
< set-cookie: _cfuvid=IjGUMm3N3fYfrqSNZEbmvio2p19PK9J0xmN4EYEWRAA-1787405959.1905186-1.0.1.1-VIH6LVfc9SOWIUQSMeqmvyFbwQm4jOmwzXlzZCPcO1A; HttpOnly; SameSite=None; Secure; Path=/; Domain=npmjs.org
< CF-Ray: a2f2486ce897b2c0-EWR
< CF-Cache-Status: HIT
< Access-Control-Allow-Origin: *
< Cache-Control: public, max-age=300
< Vary: accept-encoding, accept
< Last-Modified: Tue, 18 Aug 2026 15:10:35 GMT
< Server: cloudflare
< ETag: W/"a8b6b448218fb56a9cbef1837d3c343a"
< Content-Encoding: br

[PackageManager] waiting for 26 tasks
    [14.32s]
Downloaded @oxfmt/binding-linux-x64-musl versions
[PackageManager] waiting for 26 tasks
   - "@oxfmt/binding-linux-x64-musl": "0.64.0" - @oxfmt/binding-linux-x64-musl@0.64.0
[PackageManager] waiting for 25 tasks
    [14.39s]
Downloaded @oxfmt/binding-darwin-arm64 versions
[PackageManager] waiting for 25 tasks
   - "@oxfmt/binding-darwin-arm64": "0.64.0" - @oxfmt/binding-darwin-arm64@0.64.0
[PackageManager] waiting for 24 tasks
    [14.46s]
Downloaded @oxfmt/binding-linux-x64-gnu versions
[PackageManager] waiting for 24 tasks
   - "@oxfmt/binding-linux-x64-gnu": "0.64.0" - @oxfmt/binding-linux-x64-gnu@0.64.0
[PackageManager] waiting for 23 tasks
    [14.52s]
Downloaded @oxfmt/binding-android-arm64 versions
[PackageManager] waiting for 23 tasks
   - "@oxfmt/binding-android-arm64": "0.64.0" - @oxfmt/binding-android-arm64@0.64.0
< 200 OK
< Date: Sat, 22 Aug 2026 13:39:19 GMT
< Content-Type: application/octet-stream
< Content-Length: 8309901
< Connection: keep-alive
< set-cookie: __cf_bm=xr1Yc5tMufTxF8KK7BTj0kuukoBPLlI68QpGH3sUeOg-1787405959.516502-1.0.1.1-dTw2wScO4QEFcuEk6s4vWPuWlmIVCAczMA3bdS_i0G9zA_VvhLmuBy5BZ6f4kslWngCdINCW0Pm_08YLK4aZxHwocJBkKOJXLvhnMbZhOkHvo5RwRzBeZnToD.UEVkmP; HttpOnly; SameSite=None; Secure; Path=/; Domain=npmjs.org; Expires=Sat, 22 Aug 2026 14:09:19 GMT
< set-cookie: _cfuvid=.uhDPgJ9zGng8KzvUp.P8WKYnuD6TSY70OIRbUhP9zM-1787405959.516502-1.0.1.1-Mtdbgyx93nCIvo75LBIv52BiuVbHWIVXWcZ5xLri1qU; HttpOnly; SameSite=None; Secure; Path=/; Domain=npmjs.org
< CF-Ray: a2f2486ef96743c3-EWR
< CF-Cache-Status: HIT
< Accept-Ranges: bytes
< Access-Control-Allow-Origin: *
< Age: 204615
< Cache-Control: public, immutable, max-age=31557600
< ETag: "ffb07a0d21d56d752061f9481c8f94af"
< Last-Modified: Thu, 20 Aug 2026 04:49:03 GMT
< Server: cloudflare

< 200 OK
< Date: Sat, 22 Aug 2026 13:39:19 GMT
< Content-Type: application/octet-stream
< Content-Length: 201151
< Connection: keep-alive
< set-cookie: __cf_bm=ByDsZhF5qKUO1ruucz6_8olVyCF2apaKUyMyZxVF2Lc-1787405959.5157855-1.0.1.1-vhBhYwj5O4Gnv.e564w4IR0RrAeUHv6Upxt9PpJubWNJesQvZLBuMkhf04ltS3.UzkDERYseFOoxV.7sB72Dft2FQC4nNHM3zsmB2OtOw.kdMfJGZmwzuEfe4Kz0nNC4; HttpOnly; SameSite=None; Secure; Path=/; Domain=npmjs.org; Expires=Sat, 22 Aug 2026 14:09:19 GMT
< set-cookie: _cfuvid=jgyG5E9NEgSADsqEmQ4YhAxaCBhp8TrSy7MYtGLDSlk-1787405959.5157855-1.0.1.1-8DRRspRwl9L7P38cVosMs8gVrnaSwvFrrL2YQvHw9DM; HttpOnly; SameSite=None; Secure; Path=/; Domain=npmjs.org
< CF-Ray: a2f2486efc5760e6-EWR
< CF-Cache-Status: HIT
< Accept-Ranges: bytes
< Access-Control-Allow-Origin: *
< Age: 2020206
< Cache-Control: public, must-revalidate, max-age=31557600
< ETag: "4f189528de97f72bd0f62f2d722865a2"
< Last-Modified: Thu, 30 Jul 2026 04:29:12 GMT
< Server: cloudflare

< 200 OK
< Date: Sat, 22 Aug 2026 13:39:19 GMT
< Content-Type: application/octet-stream
< Content-Length: 3002222
< Connection: keep-alive
< set-cookie: __cf_bm=J_88IR4Z1SNsIp7c9vpI9.Wm9qnHF0tLLYUaStDWFpc-1787405959.4855342-1.0.1.1-CGs4XdvHQLvojynN_JapTDnmA1qTiqK0G0jUj73kw6xNtgi8XvO3I_0OIm8SVYTv_VqgTTn7Exy6N_GHLv4_6.sk9NMiDzhFLiHmp9zdpNYxQdz6ySjgLcck7j1PXJpL; HttpOnly; SameSite=None; Secure; Path=/; Domain=npmjs.org; Expires=Sat, 22 Aug 2026 14:09:19 GMT
< set-cookie: _cfuvid=IdlPaURXTpV.DdRaqAYT_BqZx3Vd_SnqHPCNDssO6gM-1787405959.4855342-1.0.1.1-7a63dalG.n8yawIPW1IKKSZFovoORyFPMAMPkZjmyTc; HttpOnly; SameSite=None; Secure; Path=/; Domain=npmjs.org
< CF-Ray: a2f2486eccfdae20-EWR
< CF-Cache-Status: HIT
< Accept-Ranges: bytes
< Access-Control-Allow-Origin: *
< Age: 1314704
< Cache-Control: public, must-revalidate, max-age=31557600
< ETag: "b9c39e0841bca84e5ee4206995b9dadd"
< Last-Modified: Fri, 07 Aug 2026 08:27:35 GMT
< Server: cloudflare

[PackageManager] waiting for 22 tasks
    [17.10s]
Downloaded typescript versions
[PackageManager] waiting for 22 tasks
    [6.90s] Downloaded msgpackr tarball
 LICENSE
 dist/index-no-eval.cjs
 dist/node.cjs
 dist/unpack-no-eval.cjs
 index.d.cts
 pack.d.cts
 unpack.d.cts
 dist/index-no-eval.min.js
 dist/index.js
 index.js
 dist/index.min.js
 iterators.js
 node-index.js
 pack.js
 rollup.config.js
 stream.js
 test-worker.js
 dist/test.js
 unpack.js
 package.json
 dist/index-no-eval.cjs.map
 dist/index-no-eval.min.js.map
 dist/index.js.map
 dist/index.min.js.map
 dist/node.cjs.map
 dist/test.js.map
 dist/unpack-no-eval.cjs.map
 benchmark.md
 README.md
 SECURITY.md
 index.d.ts
 pack.d.ts
 unpack.d.ts
[msgpackr] Extract .38584096d79db1d-10.msgpackr (0.41 MB tgz file)
[msgpackr] Extracted to .38584096d79db1d-10.msgpackr (11.2ms)
[PackageManager] waiting for 22 tasks
[PackageManager] waiting for 21 tasks
   - "typescript": "latest" - typescript@7.0.2
Enqueue package manifest for download: @typescript/typescript-aix-ppc64
Enqueue package manifest for download: @typescript/typescript-linux-arm
Enqueue package manifest for download: @typescript/typescript-linux-x64
Enqueue package manifest for download: @typescript/typescript-sunos-x64
Enqueue package manifest for download: @typescript/typescript-win32-x64
Enqueue package manifest for download: @typescript/typescript-darwin-x64
Enqueue package manifest for download: @typescript/typescript-netbsd-x64
Enqueue package manifest for download: @typescript/typescript-freebsd-x64
Enqueue package manifest for download: @typescript/typescript-linux-arm64
Enqueue package manifest for download: @typescript/typescript-linux-ppc64
Enqueue package manifest for download: @typescript/typescript-linux-s390x
Enqueue package manifest for download: @typescript/typescript-openbsd-x64
Enqueue package manifest for download: @typescript/typescript-win32-arm64
Enqueue package manifest for download: @typescript/typescript-darwin-arm64
Enqueue package manifest for download: @typescript/typescript-netbsd-arm64
Enqueue package manifest for download: @typescript/typescript-freebsd-arm64
Enqueue package manifest for download: @typescript/typescript-linux-loong64
Enqueue package manifest for download: @typescript/typescript-linux-riscv64
Enqueue package manifest for download: @typescript/typescript-openbsd-arm64
Enqueue package manifest for download: @typescript/typescript-linux-mips64el
 HTTP/1.1 GET https://registry.npmjs.org/@typescript%2ftypescript-aix-ppc64
 Accept: application/vnd.npm.install-v1+json; q=1.0, application/json; q=0.8, */*
 Connection: keep-alive
 User-Agent: Bun/1.4.1
 Host: registry.npmjs.org
 Accept-Encoding: gzip, deflate, br, zstd
 HTTP/1.1 GET https://registry.npmjs.org/@typescript%2ftypescript-linux-arm
 Accept: application/vnd.npm.install-v1+json; q=1.0, application/json; q=0.8, */*
 Connection: keep-alive
 User-Agent: Bun/1.4.1
 Host: registry.npmjs.org
 Accept-Encoding: gzip, deflate, br, zstd
 HTTP/1.1 GET https://registry.npmjs.org/@typescript%2ftypescript-linux-x64
 Accept: application/vnd.npm.install-v1+json; q=1.0, application/json; q=0.8, */*
 Connection: keep-alive
 User-Agent: Bun/1.4.1
 Host: registry.npmjs.org
 Accept-Encoding: gzip, deflate, br, zstd
 HTTP/1.1 GET https://registry.npmjs.org/@typescript%2ftypescript-sunos-x64
 Accept: application/vnd.npm.install-v1+json; q=1.0, application/json; q=0.8, */*
 Connection: keep-alive
 User-Agent: Bun/1.4.1
 Host: registry.npmjs.org
 Accept-Encoding: gzip, deflate, br, zstd
 HTTP/1.1 GET https://registry.npmjs.org/@typescript%2ftypescript-win32-x64
 Accept: application/vnd.npm.install-v1+json; q=1.0, application/json; q=0.8, */*
 Connection: keep-alive
 User-Agent: Bun/1.4.1
 Host: registry.npmjs.org
 Accept-Encoding: gzip, deflate, br, zstd
 HTTP/1.1 GET https://registry.npmjs.org/@typescript%2ftypescript-darwin-x64
 Accept: application/vnd.npm.install-v1+json; q=1.0, application/json; q=0.8, */*
 Connection: keep-alive
 User-Agent: Bun/1.4.1
 Host: registry.npmjs.org
 Accept-Encoding: gzip, deflate, br, zstd
 HTTP/1.1 GET https://registry.npmjs.org/@typescript%2ftypescript-netbsd-x64
 Accept: application/vnd.npm.install-v1+json; q=1.0, application/json; q=0.8, */*
 Connection: keep-alive
 User-Agent: Bun/1.4.1
 Host: registry.npmjs.org
 Accept-Encoding: gzip, deflate, br, zstd
 HTTP/1.1 GET https://registry.npmjs.org/@typescript%2ftypescript-freebsd-x64
 Accept: application/vnd.npm.install-v1+json; q=1.0, application/json; q=0.8, */*
 Connection: keep-alive
 User-Agent: Bun/1.4.1
 Host: registry.npmjs.org
 Accept-Encoding: gzip, deflate, br, zstd
 HTTP/1.1 GET https://registry.npmjs.org/@typescript%2ftypescript-linux-arm64
 Accept: application/vnd.npm.install-v1+json; q=1.0, application/json; q=0.8, */*
 Connection: keep-alive
 User-Agent: Bun/1.4.1
 Host: registry.npmjs.org
 Accept-Encoding: gzip, deflate, br, zstd
 HTTP/1.1 GET https://registry.npmjs.org/@typescript%2ftypescript-linux-ppc64
 Accept: application/vnd.npm.install-v1+json; q=1.0, application/json; q=0.8, */*
 Connection: keep-alive
 User-Agent: Bun/1.4.1
 Host: registry.npmjs.org
 Accept-Encoding: gzip, deflate, br, zstd
 HTTP/1.1 GET https://registry.npmjs.org/@typescript%2ftypescript-linux-s390x
 Accept: application/vnd.npm.install-v1+json; q=1.0, application/json; q=0.8, */*
 Connection: keep-alive
 User-Agent: Bun/1.4.1
 Host: registry.npmjs.org
 Accept-Encoding: gzip, deflate, br, zstd
 HTTP/1.1 GET https://registry.npmjs.org/@typescript%2ftypescript-openbsd-x64
 Accept: application/vnd.npm.install-v1+json; q=1.0, application/json; q=0.8, */*
 Connection: keep-alive
 User-Agent: Bun/1.4.1
 Host: registry.npmjs.org
 Accept-Encoding: gzip, deflate, br, zstd
 HTTP/1.1 GET https://registry.npmjs.org/@typescript%2ftypescript-win32-arm64
 Accept: application/vnd.npm.install-v1+json; q=1.0, application/json; q=0.8, */*
 Connection: keep-alive
 User-Agent: Bun/1.4.1
 Host: registry.npmjs.org
 Accept-Encoding: gzip, deflate, br, zstd
 HTTP/1.1 GET https://registry.npmjs.org/@typescript%2ftypescript-darwin-arm64
 Accept: application/vnd.npm.install-v1+json; q=1.0, application/json; q=0.8, */*
 Connection: keep-alive
 User-Agent: Bun/1.4.1
 Host: registry.npmjs.org
 Accept-Encoding: gzip, deflate, br, zstd
 HTTP/1.1 GET https://registry.npmjs.org/@typescript%2ftypescript-netbsd-arm64
 Accept: application/vnd.npm.install-v1+json; q=1.0, application/json; q=0.8, */*
 Connection: keep-alive
 User-Agent: Bun/1.4.1
 Host: registry.npmjs.org
 Accept-Encoding: gzip, deflate, br, zstd
 HTTP/1.1 GET https://registry.npmjs.org/@typescript%2ftypescript-freebsd-arm64
 Accept: application/vnd.npm.install-v1+json; q=1.0, application/json; q=0.8, */*
 Connection: keep-alive
 User-Agent: Bun/1.4.1
 Host: registry.npmjs.org
 Accept-Encoding: gzip, deflate, br, zstd
 HTTP/1.1 GET https://registry.npmjs.org/@typescript%2ftypescript-linux-loong64
 Accept: application/vnd.npm.install-v1+json; q=1.0, application/json; q=0.8, */*
 Connection: keep-alive
 User-Agent: Bun/1.4.1
 Host: registry.npmjs.org
 Accept-Encoding: gzip, deflate, br, zstd
 HTTP/1.1 GET https://registry.npmjs.org/@typescript%2ftypescript-linux-riscv64
 Accept: application/vnd.npm.install-v1+json; q=1.0, application/json; q=0.8, */*
 Connection: keep-alive
 User-Agent: Bun/1.4.1
 Host: registry.npmjs.org
 Accept-Encoding: gzip, deflate, br, zstd
 HTTP/1.1 GET https://registry.npmjs.org/@typescript%2ftypescript-openbsd-arm64
 Accept: application/vnd.npm.install-v1+json; q=1.0, application/json; q=0.8, */*
 Connection: keep-alive
 User-Agent: Bun/1.4.1
 Host: registry.npmjs.org
 Accept-Encoding: gzip, deflate, br, zstd
 HTTP/1.1 GET https://registry.npmjs.org/@typescript%2ftypescript-linux-mips64el
 Accept: application/vnd.npm.install-v1+json; q=1.0, application/json; q=0.8, */*
 Connection: keep-alive
 User-Agent: Bun/1.4.1
 Host: registry.npmjs.org
 Accept-Encoding: gzip, deflate, br, zstd
 HTTP/1.1 GET https://registry.npmjs.org/typescript/-/typescript-7.0.2.tgz
 Connection: keep-alive
 User-Agent: Bun/1.4.1
 Accept: */*
 Host: registry.npmjs.org
 Accept-Encoding: gzip, deflate, br, zstd
[PackageManager] waiting for 41 tasks
    [13.27s]
Downloaded @types/node versions
[PackageManager] waiting for 41 tasks
   - "@types/node": "*" - @types/node@26.2.0
Enqueue package manifest for download: undici-types
 HTTP/1.1 GET https://registry.npmjs.org/undici-types
 Accept: application/vnd.npm.install-v1+json; q=1.0, application/json; q=0.8, */*
 Connection: keep-alive
 User-Agent: Bun/1.4.1
 Host: registry.npmjs.org
 Accept-Encoding: gzip, deflate, br, zstd
 HTTP/1.1 GET https://registry.npmjs.org/@types/node/-/node-26.2.0.tgz
 Connection: keep-alive
 User-Agent: Bun/1.4.1
 Accept: */*
 Host: registry.npmjs.org
 Accept-Encoding: gzip, deflate, br, zstd
< 200 OK
< Date: Sat, 22 Aug 2026 13:39:21 GMT
< Content-Type: application/vnd.npm.install-v1+json
< Transfer-Encoding: chunked
< Connection: keep-alive
< set-cookie: __cf_bm=COi7Hc_eEbEnAw.FPCs0v0uAvmVcBAJjgDWWegwrN.Y-1787405961.1211634-1.0.1.1-5O_.LMV9zukGwWxCNZJwib6kTkW.k8AatErgxu9FEoM6Fa1CU8DFY1nDG24S1d0nxis5d.lTCHhwbIo703rpI4wnhr4xHiu_Qi2SKor6Dawy3W48Kt5y_73mnBr5Ar9w; HttpOnly; SameSite=None; Secure; Path=/; Domain=npmjs.org; Expires=Sat, 22 Aug 2026 14:09:21 GMT
< set-cookie: _cfuvid=3I8j9DrwdpZYOaFe457hBL.kZlerc32YZ9xj4q86Cbo-1787405961.1211634-1.0.1.1-sWqnCOLINHIOUWE9RPbn9wWiLPxXzoGOh6F9xuo3pA0; HttpOnly; SameSite=None; Secure; Path=/; Domain=npmjs.org
< CF-Ray: a2f248790d14f797-EWR
< CF-Cache-Status: HIT
< Access-Control-Allow-Origin: *
< Age: 243
< Cache-Control: public, max-age=300
< Vary: accept-encoding, accept
< Last-Modified: Wed, 08 Jul 2026 15:49:50 GMT
< Server: cloudflare
< ETag: W/"02d4e802a7c096e47cd96195684ffe7f"
< Content-Encoding: br

[PackageManager] waiting for 42 tasks
    [1198.19ms]
Downloaded @typescript/typescript-freebsd-x64 versions
[PackageManager] waiting for 42 tasks
   - "@typescript/typescript-freebsd-x64": "7.0.2" - @typescript/typescript-freebsd-x64@7.0.2
< 200 OK
< Date: Sat, 22 Aug 2026 13:39:21 GMT
< Content-Type: application/vnd.npm.install-v1+json
< Transfer-Encoding: chunked
< Connection: keep-alive
< set-cookie: __cf_bm=z3LY.3qXMq6oxAsAyqrux8NhY1qwN_yQ.QUu9SPE2EU-1787405961.121638-1.0.1.1-5a4o3ySXa.ZaFrM58LMurkmQ9PVUVrvvON.vUq7lnHxV_Tv0f4LunszkNtJWkvDYnzU88hEvuhVfeb3eEswxVvUIT.hj2IFn8ye6waa.7CqImEcnzxcJ.PlHZRs8JGLw; HttpOnly; SameSite=None; Secure; Path=/; Domain=npmjs.org; Expires=Sat, 22 Aug 2026 14:09:21 GMT
< set-cookie: _cfuvid=PHMO7ztIO.OIWwTIrWRKXmkbjNgp8YEJUVEV6N58P9w-1787405961.121638-1.0.1.1-p2sLLNr.EhFukHcMW2qr4sCPTEqw9g.1DJMpgcSrH5M; HttpOnly; SameSite=None; Secure; Path=/; Domain=npmjs.org
< CF-Ray: a2f248790a12daac-EWR
< CF-Cache-Status: HIT
< Access-Control-Allow-Origin: *
< Age: 206
< Cache-Control: public, max-age=300
< Vary: accept-encoding, accept
< Last-Modified: Wed, 08 Jul 2026 15:50:18 GMT
< Server: cloudflare
< ETag: W/"4b3c07e16566f309449d08b95e9dfe84"
< Content-Encoding: br

< 200 OK
< Date: Sat, 22 Aug 2026 13:39:21 GMT
< Content-Type: application/octet-stream
< Content-Length: 365612
< Connection: keep-alive
< set-cookie: __cf_bm=U9KosP5lHBVLrhwl6HFlpA5WUynWQkLwTUzIetlmE0M-1787405961.125675-1.0.1.1-Yjin.29iMI7MbxZ4O0eHP9FSxc0TjPJf97FOEtGRPJwcpL3AGQ1DYzzoePKwu5ZDp9DImaIOSAxgI6HW68MuInDmipWa7NkIGxAmUhs8T1B0Ahhej7yd5KpA5nlycprW; HttpOnly; SameSite=None; Secure; Path=/; Domain=npmjs.org; Expires=Sat, 22 Aug 2026 14:09:21 GMT
< set-cookie: _cfuvid=xqpjNbfCQufSWPuEPPgc2eIc7bIp4ihaB.ltDwVkxrc-1787405961.125675-1.0.1.1-jmZalyQ__4u1VtKuJ5ArNNrfocnXeRtneA6qR.197K0; HttpOnly; SameSite=None; Secure; Path=/; Domain=npmjs.org
< CF-Ray: a2f24879097461ce-EWR
< CF-Cache-Status: HIT
< Accept-Ranges: bytes
< Access-Control-Allow-Origin: *
< Age: 971574
< Cache-Control: public, immutable, max-age=31557600
< ETag: "04c9858872f69ae9d7198a6b816a63d8"
< Last-Modified: Wed, 08 Jul 2026 15:55:21 GMT
< Server: cloudflare

< 200 OK
< Date: Sat, 22 Aug 2026 13:39:21 GMT
< Content-Type: application/vnd.npm.install-v1+json
< Transfer-Encoding: chunked
< Connection: keep-alive
< set-cookie: __cf_bm=n9jr3X2InZOHqLze7sliP0o8EgMwQUm2qLhGBSptjwY-1787405961.1210184-1.0.1.1-V9nNCfwj55fl4HCXnvmQdumXKQDq_aMtuvudkYoaGYz48cc61O1u56Xl53sRtAL4hb1Qb7UupDEXLAkT25zOwApTSm5bkmXpnp.S7LXRknz8t2jbTTf6QP0ao8VxWti0; HttpOnly; SameSite=None; Secure; Path=/; Domain=npmjs.org; Expires=Sat, 22 Aug 2026 14:09:21 GMT
< set-cookie: _cfuvid=bvEYBH.KotBbepRBovi1DkPie4Lz6GhFE_1tySP3Pmg-1787405961.1210184-1.0.1.1-j1B7IqaNK33Pb8qgJDhD63JwRBR6BD_0NcBTcjEL_Ds; HttpOnly; SameSite=None; Secure; Path=/; Domain=npmjs.org
< CF-Ray: a2f2487909791c3f-EWR
< CF-Cache-Status: HIT
< Access-Control-Allow-Origin: *
< Age: 297
< Cache-Control: public, max-age=300
< Vary: accept-encoding, accept
< Last-Modified: Sat, 22 Aug 2026 08:24:04 GMT
< Server: cloudflare
< ETag: W/"572c6da3ee6a765da3392ac02d22edff"
< Content-Encoding: br

< 200 OK
< Date: Sat, 22 Aug 2026 13:39:21 GMT
< Content-Type: application/vnd.npm.install-v1+json
< Transfer-Encoding: chunked
< Connection: keep-alive
< set-cookie: __cf_bm=OJkNNXwO9oknsXq1yRZ28xHkJB7oPbocvZ1sZWaSyVU-1787405961.1216803-1.0.1.1-vasTpAbYAqoBFsRf2.alh50jjKHH0qDjAmWzosaidWJhuLuIuGH9bpUneqHbC7YGDh7pMDDuM8IRE4zgfmc._55DgjxK9OSCA1BH8SIZr_2T.TXGAbDHI1jpUAMfk6gX; HttpOnly; SameSite=None; Secure; Path=/; Domain=npmjs.org; Expires=Sat, 22 Aug 2026 14:09:21 GMT
< set-cookie: _cfuvid=NpXBgTOaaGiZPR_uwSUmYtxnKEXZmzlFiDgCHCXCPVo-1787405961.1216803-1.0.1.1-i2PsGHZNuWlpdxhmMQnm3Oq87D9DrsnEkGAUy_Qi2Tc; HttpOnly; SameSite=None; Secure; Path=/; Domain=npmjs.org
< CF-Ray: a2f248790f788c05-EWR
< CF-Cache-Status: HIT
< Access-Control-Allow-Origin: *
< Age: 296
< Cache-Control: public, max-age=300
< Vary: accept-encoding, accept
< Last-Modified: Sat, 22 Aug 2026 08:24:01 GMT
< Server: cloudflare
< ETag: W/"2dc8d4f7d865f6b6888d2b505ba04e37"
< Content-Encoding: br

[PackageManager] waiting for 41 tasks
    [1216.36ms]
Downloaded @typescript/typescript-linux-s390x versions
[PackageManager] waiting for 41 tasks
   - "@typescript/typescript-linux-s390x": "7.0.2" - @typescript/typescript-linux-s390x@7.0.2
[PackageManager] waiting for 40 tasks
    [1244.45ms]
Downloaded @typescript/typescript-darwin-x64 versions
< 200 OK
< Date: Sat, 22 Aug 2026 13:39:21 GMT
< Content-Type: application/vnd.npm.install-v1+json
< Transfer-Encoding: chunked
< Connection: keep-alive
< set-cookie: __cf_bm=JhyXf0ODOd3CpFK_b.Y8r4ABoaQ9tjPpXe9GOc2hbO8-1787405961.1216714-1.0.1.1-oOgm94LpX98bCV2d1WmFwnXQxMNxrQTmippRVdJGnCEVGqlprHeNG8a_jZX3iGDZXgrsfJE.i_WN2KQ4NqDx3ZBaDRAQJ88z7KtbGcEyENVkWoCwHs91BDuVsci0liv.; HttpOnly; SameSite=None; Secure; Path=/; Domain=npmjs.org; Expires=Sat, 22 Aug 2026 14:09:21 GMT
< set-cookie: _cfuvid=UXDRlOWfHYOdKk7KrBD6roR9a6hXyCz9lVKQF_4e9XQ-1787405961.1216714-1.0.1.1-mC3EO2yw2rbmRNW194da1ozRTvaHjXmLXy89vRwnqao; HttpOnly; SameSite=None; Secure; Path=/; Domain=npmjs.org
< CF-Ray: a2f24879080f4350-EWR
< CF-Cache-Status: HIT
< Access-Control-Allow-Origin: *
< Age: 237
< Cache-Control: public, max-age=300
< Vary: accept-encoding, accept
< Last-Modified: Wed, 08 Jul 2026 15:49:34 GMT
< Server: cloudflare
< ETag: W/"33870482c9270a26af592db155edb93c"
< Content-Encoding: br

< 200 OK
< Date: Sat, 22 Aug 2026 13:39:21 GMT
< Content-Type: application/vnd.npm.install-v1+json
< Transfer-Encoding: chunked
< Connection: keep-alive
< set-cookie: __cf_bm=WffZI8LgLh2iMtLMqr8Z8wz3yQzumpHuwVX5prbsQn8-1787405961.1213846-1.0.1.1-826gUcJx5heIpQm0n1RKsk030f57lLfq5sdBU1.h2yN0LjX2LnWOM24x_Z7dbe4e_iZDIMOetE2XlHszvNKmjgw0_q_gkPMiFx3nHMAoDB0WvxKA8uTvL2Mp.90yxvFj; HttpOnly; SameSite=None; Secure; Path=/; Domain=npmjs.org; Expires=Sat, 22 Aug 2026 14:09:21 GMT
< set-cookie: _cfuvid=GIWzVxVgkjk4tB3UXFEQzVlzw_XGDMRTF5dyRZ9s7ec-1787405961.1213846-1.0.1.1-NaUDsv0LKUV3F168Tlt8lsfIpqctINTVuCs.aH9m2Xw; HttpOnly; SameSite=None; Secure; Path=/; Domain=npmjs.org
< CF-Ray: a2f248790a5c7b0e-EWR
< CF-Cache-Status: HIT
< Access-Control-Allow-Origin: *
< Age: 253
< Cache-Control: public, max-age=300
< Vary: accept-encoding, accept
< Last-Modified: Wed, 08 Jul 2026 15:50:31 GMT
< Server: cloudflare
< ETag: W/"8c54e9f43a7dbf7a980f6fbdbcfc3ae0"
< Content-Encoding: br

[PackageManager] waiting for 40 tasks
   - "@typescript/typescript-darwin-x64": "7.0.2" - @typescript/typescript-darwin-x64@7.0.2
[PackageManager] waiting for 39 tasks
    [1246.95ms]
Downloaded @typescript/typescript-netbsd-x64 versions
[PackageManager] waiting for 39 tasks
    [1248.40ms]
Downloaded @typescript/typescript-aix-ppc64 versions
   - "@typescript/typescript-netbsd-x64": "7.0.2" - @typescript/typescript-netbsd-x64@7.0.2
[PackageManager] waiting for 38 tasks
[PackageManager] waiting for 38 tasks
   - "@typescript/typescript-aix-ppc64": "7.0.2" - @typescript/typescript-aix-ppc64@7.0.2
< 200 OK
< Date: Sat, 22 Aug 2026 13:39:21 GMT
< Content-Type: application/vnd.npm.install-v1+json
< Transfer-Encoding: chunked
< Connection: keep-alive
< set-cookie: __cf_bm=9kflFJvXWCcjTDc1iPs.6lab8CNfy5nEdb0Ifg6Ovbk-1787405961.126467-1.0.1.1-EtPVEXMVbHJES6EIuPEEF9fGEnof1mujUu9dBp0xB3XWo2a2RZFm0fFH01oGlh5RZ3EGBcG3oJv7ROGSyqbArsK.cUXG.nRCmYhUgEJqTZ0nuv3L6vFkk_iDkBxmVdoq; HttpOnly; SameSite=None; Secure; Path=/; Domain=npmjs.org; Expires=Sat, 22 Aug 2026 14:09:21 GMT
< set-cookie: _cfuvid=HrzoqssTpzlaFR.4VfvmELobSV2XUv4L6fnxKl2yVwg-1787405961.126467-1.0.1.1-wls8IAIg1f5Fck5WApkhqkWjqyqZQQ6Dn.r4flA_7.A; HttpOnly; SameSite=None; Secure; Path=/; Domain=npmjs.org
< CF-Ray: a2f248790955985c-EWR
< CF-Cache-Status: HIT
< Access-Control-Allow-Origin: *
< Age: 272
< Cache-Control: public, max-age=300
< Vary: accept-encoding, accept
< Last-Modified: Wed, 08 Jul 2026 15:50:03 GMT
< Server: cloudflare
< ETag: W/"a00b456e8f0569c40134f7ad7a10f9e3"
< Content-Encoding: br

[PackageManager] waiting for 37 tasks
    [1254.81ms]
Downloaded @typescript/typescript-linux-arm versions
[PackageManager] waiting for 37 tasks
   - "@typescript/typescript-linux-arm": "7.0.2" - @typescript/typescript-linux-arm@7.0.2
[PackageManager] waiting for 36 tasks
    [1267.27ms]
Downloaded @typescript/typescript-linux-loong64 versions
[PackageManager] waiting for 36 tasks
   - "@typescript/typescript-linux-loong64": "7.0.2" - @typescript/typescript-linux-loong64@7.0.2
< 200 OK
< Date: Sat, 22 Aug 2026 13:39:21 GMT
< Content-Type: application/vnd.npm.install-v1+json
< Transfer-Encoding: chunked
< Connection: keep-alive
< set-cookie: __cf_bm=RoaKIDavglCUCW1iKxygU8oCpeCcZkJ1n3jywvoQC68-1787405961.1212368-1.0.1.1-wgGE.erFFIN0AN1e3i6haCZDenvA6G7M2EZKcAAIBkYmQBZ5bNMDroe6cHMvdJ4O0D476nTvPqEvM_zRIBumMae6TPXDzROVtlb8E42w3IWEQ4rWOayvXIWv6xWBF8tB; HttpOnly; SameSite=None; Secure; Path=/; Domain=npmjs.org; Expires=Sat, 22 Aug 2026 14:09:21 GMT
< set-cookie: _cfuvid=soFhu6hHUAjrzFP1gEm0kxtmc4vVvfrrvgf_XqhD4Js-1787405961.1212368-1.0.1.1-WRkPruQQdqDpNTnukN_Zc_in5ZD24awhqUuIDfSuu6g; HttpOnly; SameSite=None; Secure; Path=/; Domain=npmjs.org
< CF-Ray: a2f248790f325642-EWR
< CF-Cache-Status: HIT
< Access-Control-Allow-Origin: *
< Age: 231
< Cache-Control: public, max-age=300
< Vary: accept-encoding, accept
< Last-Modified: Sat, 22 Aug 2026 08:25:17 GMT
< Server: cloudflare
< ETag: W/"6dab58e227c8ce7e3376b31885d2f1cb"
< Content-Encoding: br

< 200 OK
< Date: Sat, 22 Aug 2026 13:39:21 GMT
< Content-Type: application/vnd.npm.install-v1+json
< Transfer-Encoding: chunked
< Connection: keep-alive
< set-cookie: __cf_bm=PGCdxqrjjLEXzk2z37JxizvAyxMxi1_51Co73ihCJJw-1787405961.1211886-1.0.1.1-BLrZn0FAd3HEJnIELUquYeE34S0DOhJV7MwoW3iz.TlP9Tr4D.Ppfz1Ll.ZmWbqWJbRBPOlBX8UZ2k9dLxxAzNUAGJwcCaeI8lNooZt_G2L3dDXBrqW0PQOBrxLAWWgI; HttpOnly; SameSite=None; Secure; Path=/; Domain=npmjs.org; Expires=Sat, 22 Aug 2026 14:09:21 GMT
< set-cookie: _cfuvid=2t31I6Vb9BR4HTiOM1zEctaBjEARecHacHn0B.rVA6g-1787405961.1211886-1.0.1.1-YSGv1GZXHgUeKDtiZs74iCHVNjoaT65g0FL9QtCTWfA; HttpOnly; SameSite=None; Secure; Path=/; Domain=npmjs.org
< CF-Ray: a2f2487909f84faa-EWR
< CF-Cache-Status: HIT
< Access-Control-Allow-Origin: *
< Age: 267
< Cache-Control: public, max-age=300
< Vary: accept-encoding, accept
< Last-Modified: Wed, 08 Jul 2026 15:50:11 GMT
< Server: cloudflare
< ETag: W/"631028cdfdc71afdb3a76399f7d52345"
< Content-Encoding: br

[PackageManager] waiting for 35 tasks
    [1286.67ms]
Downloaded @typescript/typescript-linux-ppc64 versions
[PackageManager] waiting for 35 tasks
   - "@typescript/typescript-linux-ppc64": "7.0.2" - @typescript/typescript-linux-ppc64@7.0.2
< 200 OK
< Date: Sat, 22 Aug 2026 13:39:21 GMT
< Content-Type: application/vnd.npm.install-v1+json
< Transfer-Encoding: chunked
< Connection: keep-alive
< set-cookie: __cf_bm=CeWM0o3JvyM4GhvyxZzT9yuMusOb6XvE_ysz7B19QHo-1787405961.1262045-1.0.1.1-Bl2ekMjd7HiuI1srJH8y4BY8YkysdVmvRGUOQ9JkHeaTQiIbouac3hdKseUrYYmGhJGIApHlFYFZ3nj6l51Vpj8NbVYmdNjHp4Wf0tlkU8Bf7EUjTv.HptpW7Vtlx09d; HttpOnly; SameSite=None; Secure; Path=/; Domain=npmjs.org; Expires=Sat, 22 Aug 2026 14:09:21 GMT
< set-cookie: _cfuvid=PzzNTpuszbiigCOYYiEp4zDKEXL7Eq00UFtB_JwzOy4-1787405961.1262045-1.0.1.1-x7avUIDcuGHQE4K1fs8OmT5s8EleFmthcXUPw4IY1K4; HttpOnly; SameSite=None; Secure; Path=/; Domain=npmjs.org
< CF-Ray: a2f248790e2d6109-EWR
< CF-Cache-Status: HIT
< Access-Control-Allow-Origin: *
< Age: 258
< Cache-Control: public, max-age=300
< Vary: accept-encoding, accept
< Last-Modified: Wed, 08 Jul 2026 15:50:14 GMT
< Server: cloudflare
< ETag: W/"e43e34883cb8a2edf23e3ffa0cefa294"
< Content-Encoding: br

[PackageManager] waiting for 34 tasks
    [1295.74ms]
Downloaded @typescript/typescript-linux-riscv64 versions
[PackageManager] waiting for 34 tasks
   - "@typescript/typescript-linux-riscv64": "7.0.2" - @typescript/typescript-linux-riscv64@7.0.2
< 200 OK
< Date: Sat, 22 Aug 2026 13:39:21 GMT
< Content-Type: application/vnd.npm.install-v1+json
< Transfer-Encoding: chunked
< Connection: keep-alive
< set-cookie: __cf_bm=3NP1Ta_qmXKBeBBLptH41s1hu0BehlStHE4SG.gc5os-1787405961.12085-1.0.1.1-xl64Uugk1ObJG00C4yu.NUC.kYOvX4IUa38O3eK6rjYqI5mpWVYNVZ3_9y.WJwCKt3icRoV26yKElXeRK_oijm7YA8uq_Qwtbi_2hP3fO4j3xrvdiSSn03WyjcDC_zfp; HttpOnly; SameSite=None; Secure; Path=/; Domain=npmjs.org; Expires=Sat, 22 Aug 2026 14:09:21 GMT
< set-cookie: _cfuvid=MEJTj8J_QSi7BquzyqoGiRNMyNjsba6SDqh_mbfY83g-1787405961.12085-1.0.1.1-MhTxlVyHkGDwGq9bj0mtUROuPdYLTIHJ5kBv6G4tV_A; HttpOnly; SameSite=None; Secure; Path=/; Domain=npmjs.org
< CF-Ray: a2f248790eac1b43-EWR
< CF-Cache-Status: HIT
< Access-Control-Allow-Origin: *
< Cache-Control: public, max-age=300
< Vary: accept-encoding, accept
< Last-Modified: Sat, 22 Aug 2026 08:26:24 GMT
< Server: cloudflare
< ETag: W/"ae93e213c9b444f597e65ba8b209b7a6"
< Content-Encoding: br

< 200 OK
< Date: Sat, 22 Aug 2026 13:39:21 GMT
< Content-Type: application/vnd.npm.install-v1+json
< Transfer-Encoding: chunked
< Connection: keep-alive
< set-cookie: __cf_bm=8ygl6oWTusGIoxOnHDjThOKpjrzgWpnqCdmnD1DiR2M-1787405961.1260564-1.0.1.1-LqiZrqn5hcWlBIxcO.BA7sxDpVXV2WBwnxaL.2NRzENom3U0aRmrg_q5tMESvMgWL0YTIpJhcuZrJZDShSdtezjeLIb53Jb93jRHRvuMwdC3JUCm9IYvFSE87CJRhzVo; HttpOnly; SameSite=None; Secure; Path=/; Domain=npmjs.org; Expires=Sat, 22 Aug 2026 14:09:21 GMT
< set-cookie: _cfuvid=Fm7W9HNUV7XRJIF.oq4k1bYBl0l0o_Jx.PncKcTY._w-1787405961.1260564-1.0.1.1-GLgV8Lcvl6hsTdDIE7FQ2qMgzNgWQwEfrSJjgsCEg1M; HttpOnly; SameSite=None; Secure; Path=/; Domain=npmjs.org
< CF-Ray: a2f248790cc24240-EWR
< CF-Cache-Status: HIT
< Access-Control-Allow-Origin: *
< Age: 252
< Cache-Control: public, max-age=300
< Vary: accept-encoding, accept
< Last-Modified: Wed, 08 Jul 2026 15:50:35 GMT
< Server: cloudflare
< ETag: W/"c977c722a332eb5d3b989f9ae07f713e"
< Content-Encoding: br

< 200 OK
< Date: Sat, 22 Aug 2026 13:39:21 GMT
< Content-Type: application/vnd.npm.install-v1+json
< Transfer-Encoding: chunked
< Connection: keep-alive
< set-cookie: __cf_bm=39RNN6xCkgZLPiuUjel_CuxQVvup413__e6iEqXyGJo-1787405961.1258214-1.0.1.1-FHvGF5kAeofRL3fjBk_Liwh3eSNJcMGxt_A8gYyrwB.4C7QAD_jsvdbHuZRoEhQ67ddda2Ny0vKD2cuAnREl3fwZ6j5kkRtcN2whDE8NoefvwNwk.deYWt5O65V4fl_D; HttpOnly; SameSite=None; Secure; Path=/; Domain=npmjs.org; Expires=Sat, 22 Aug 2026 14:09:21 GMT
< set-cookie: _cfuvid=gmgHrSukypgjLRZwGCxZWeEkAciSgk7gW5rqPR.V.a0-1787405961.1258214-1.0.1.1-dEmjX43PohNUhjRfC.Zf0XCeK5yMCz5T1_IiwEDH6bI; HttpOnly; SameSite=None; Secure; Path=/; Domain=npmjs.org
< CF-Ray: a2f248790b721efc-EWR
< CF-Cache-Status: HIT
< Access-Control-Allow-Origin: *
< Age: 293
< Cache-Control: public, max-age=300
< Vary: accept-encoding, accept
< Last-Modified: Sat, 22 Aug 2026 08:24:15 GMT
< Server: cloudflare
< ETag: W/"478e640a578345989f985fd8a1ec0720"
< Content-Encoding: br

[PackageManager] waiting for 33 tasks
    [1334.20ms]
Downloaded @typescript/typescript-openbsd-arm64 versions
[PackageManager] waiting for 33 tasks
   - "@typescript/typescript-openbsd-arm64": "7.0.2" - @typescript/typescript-openbsd-arm64@7.0.2
< 200 OK
< Date: Sat, 22 Aug 2026 13:39:21 GMT
< Content-Type: application/vnd.npm.install-v1+json
< Transfer-Encoding: chunked
< Connection: keep-alive
< set-cookie: __cf_bm=ZKB5r0mUh214DcQAV9cCIdihvd9VbZyrI.HqN2JqtmI-1787405961.126587-1.0.1.1-CCs0pnhdEmcKYVoqIfYyZayovyP8_Vhu1JfIPl1y0GJtVK6X7p0g3xjrqpvhxe0T8TAyt4KvK5GXcVfdKYtPN5.BVPiKaCzJ_hxfgHdY3CjUsBzljycv3TrvX8e49m66; HttpOnly; SameSite=None; Secure; Path=/; Domain=npmjs.org; Expires=Sat, 22 Aug 2026 14:09:21 GMT
< set-cookie: _cfuvid=.DG6qnVV2YwtAdlYi3ZrGfSvFk6Tepg0wPTK1GCGqyE-1787405961.126587-1.0.1.1-PmvHXeIi_lcBGcW2p_0UtXQJqtApgrxRcUkI235aF9Y; HttpOnly; SameSite=None; Secure; Path=/; Domain=npmjs.org
< CF-Ray: a2f248790be243eb-EWR
< CF-Cache-Status: HIT
< Access-Control-Allow-Origin: *
< Age: 245
< Cache-Control: public, max-age=300
< Vary: accept-encoding, accept
< Last-Modified: Wed, 08 Jul 2026 15:50:26 GMT
< Server: cloudflare
< ETag: W/"92d3b98c34210e99fc4b6fc402093073"
< Content-Encoding: br

[PackageManager] waiting for 32 tasks
    [1338.92ms]
Downloaded @typescript/typescript-netbsd-arm64 versions
[PackageManager] waiting for 32 tasks
   - "@typescript/typescript-netbsd-arm64": "7.0.2" - @typescript/typescript-netbsd-arm64@7.0.2
[PackageManager] waiting for 31 tasks
    [1361.81ms]
Downloaded @typescript/typescript-win32-x64 versions
[PackageManager] waiting for 31 tasks
   - "@typescript/typescript-win32-x64": "7.0.2" - @typescript/typescript-win32-x64@7.0.2
< 200 OK
< Date: Sat, 22 Aug 2026 13:39:21 GMT
< Content-Type: application/vnd.npm.install-v1+json
< Transfer-Encoding: chunked
< Connection: keep-alive
< set-cookie: __cf_bm=0z__KgfxNucZS7wd27Bv.RbJMyc1IrUPnMj0MznRlV0-1787405961.1262546-1.0.1.1-KTM3CcN1TsHuRlUBSnqn8nzV.aP3M9TyWw0UXk2LgtWN7PYbQKzIHbJ5LPFTQCT2ifqS0sbKVsrtvNVA2qv4qGBDltz.ebYhsEX7evcDIceeCsHW3Z0oG0EXwwnszQXu; HttpOnly; SameSite=None; Secure; Path=/; Domain=npmjs.org; Expires=Sat, 22 Aug 2026 14:09:21 GMT
< set-cookie: _cfuvid=2zc2UleiYy6DMoT53N55sGmqK0uWP3qmERoPlSxY0x0-1787405961.1262546-1.0.1.1-hdcW28Ax77vCHD850OysMKMMOtsZJLNUHzqHy2AW6Wg; HttpOnly; SameSite=None; Secure; Path=/; Domain=npmjs.org
< CF-Ray: a2f248790946c882-EWR
< CF-Cache-Status: HIT
< Access-Control-Allow-Origin: *
< Cache-Control: public, max-age=300
< Vary: accept-encoding, accept
< Last-Modified: Sat, 22 Aug 2026 08:26:03 GMT
< Server: cloudflare
< ETag: W/"e2ae4ebb16d3c9de8ca107bdefff26cf"
< Content-Encoding: br

< 200 OK
< Date: Sat, 22 Aug 2026 13:39:21 GMT
< Content-Type: application/vnd.npm.install-v1+json
< Transfer-Encoding: chunked
< Connection: keep-alive
< set-cookie: __cf_bm=4Q6y1QhE3s40YnkxjyQqouIHtGNKOQneBGFg2tYBlrk-1787405961.1258776-1.0.1.1-_ssUcDj.Cx6RfmgXqz7Sn9VQ08oDX0pKRH2LXD.tLRp_y27UXxpyjSdPo_iLsur6zMboOIEH7tBnnEGApczjKptW8.VDKf.QfmO0vvoNBlJFj0NryK68MAhA.xP3DeOo; HttpOnly; SameSite=None; Secure; Path=/; Domain=npmjs.org; Expires=Sat, 22 Aug 2026 14:09:21 GMT
< set-cookie: _cfuvid=OpM6RAm99Ji7YbycP5ioRXT_lkLGsQm_67S3PmelcGk-1787405961.1258776-1.0.1.1-yeMsLMWX48jEvvSINExRvCqbj2ET0HobIhYZl6RPtKI; HttpOnly; SameSite=None; Secure; Path=/; Domain=npmjs.org
< CF-Ray: a2f2487909dd1a38-EWR
< CF-Cache-Status: HIT
< Access-Control-Allow-Origin: *
< Age: 240
< Cache-Control: public, max-age=300
< Vary: accept-encoding, accept
< Last-Modified: Wed, 08 Jul 2026 15:50:06 GMT
< Server: cloudflare
< ETag: W/"380899bcea8d8b7289d4435a84614ad3"
< Content-Encoding: br

[PackageManager] waiting for 30 tasks
    [1405.53ms]
Downloaded @typescript/typescript-linux-mips64el versions
[PackageManager] waiting for 30 tasks
   - "@typescript/typescript-linux-mips64el": "7.0.2" - @typescript/typescript-linux-mips64el@7.0.2
[PackageManager] waiting for 29 tasks
    [1420.48ms]
Downloaded @typescript/typescript-linux-x64 versions
[PackageManager] waiting for 29 tasks
   - "@typescript/typescript-linux-x64": "7.0.2" - @typescript/typescript-linux-x64@7.0.2
< 200 OK
< Date: Sat, 22 Aug 2026 13:39:21 GMT
< Content-Type: application/vnd.npm.install-v1+json
< Transfer-Encoding: chunked
< Connection: keep-alive
< set-cookie: __cf_bm=cV3JkpaTxH0rZC6QWJBQjIbSlyet7HiE66EX5UdexZc-1787405961.1209414-1.0.1.1-roo0wQ19kfKYEidNOOmCEYzoo8nQSBIGasaoy.wORTPUDiUKln0jUg2UcLhhJt0zOD7rzJwxhGdMGSyiOYZcbFDHvEpQNB5M5fKYHv5mwLhNuE2dMFODX4W2RAIjORUW; HttpOnly; SameSite=None; Secure; Path=/; Domain=npmjs.org; Expires=Sat, 22 Aug 2026 14:09:21 GMT
< set-cookie: _cfuvid=exkiLCg40vOoaC_5vyzCLEwMrp8solSCb2oUTpDMIg0-1787405961.1209414-1.0.1.1-KvqclNuL8kMswWFgt8TzwOx5P5gpfxTPtehQFC3gwZc; HttpOnly; SameSite=None; Secure; Path=/; Domain=npmjs.org
< CF-Ray: a2f248790e076109-EWR
< CF-Cache-Status: HIT
< Access-Control-Allow-Origin: *
< Cache-Control: public, max-age=300
< Vary: accept-encoding, accept
< Last-Modified: Sat, 22 Aug 2026 08:27:15 GMT
< Server: cloudflare
< ETag: W/"6f245d8f1e26428db469c6def3f43f89"
< Content-Encoding: br

< 200 OK
< Date: Sat, 22 Aug 2026 13:39:21 GMT
< Content-Type: application/vnd.npm.install-v1+json
< Transfer-Encoding: chunked
< Connection: keep-alive
< set-cookie: __cf_bm=jm7vpY4dFGTDXK8pkSIltVbGREoXdWgYzy3cXmM6wUk-1787405961.128296-1.0.1.1-r35p1P_wAYGJbCxB0QWRQrM2bTWQNeqJjvjeNoOXCBCa1zJhUjD.kMF1HLHxX1k5U3RcXi6aIX76AZ7A_DdVdMymqc8Xik5Td.J_qx0H5rLxEXujcmD3Il2Yu7UqJVmt; HttpOnly; SameSite=None; Secure; Path=/; Domain=npmjs.org; Expires=Sat, 22 Aug 2026 14:09:21 GMT
< set-cookie: _cfuvid=TqULwg0i3.NSPDCxBaZo0IPmXFIZNLaGmJw8aTd0NR4-1787405961.128296-1.0.1.1-5aqqFAd9gIvDaS1wp68mB70p8CWZofivKSXA2vWq8sw; HttpOnly; SameSite=None; Secure; Path=/; Domain=npmjs.org
< CF-Ray: a2f248790d2010f3-EWR
< CF-Cache-Status: HIT
< Access-Control-Allow-Origin: *
< Cache-Control: public, max-age=300
< Vary: accept-encoding, accept
< Last-Modified: Wed, 08 Jul 2026 15:49:46 GMT
< Server: cloudflare
< ETag: W/"6ff42042fcc3b3e07fd236d89f7f4d0b"
< Content-Encoding: br

[PackageManager] waiting for 28 tasks
    [1484.32ms]
Downloaded @typescript/typescript-freebsd-arm64 versions
[PackageManager] waiting for 28 tasks
   - "@typescript/typescript-freebsd-arm64": "7.0.2" - @typescript/typescript-freebsd-arm64@7.0.2
[PackageManager] waiting for 27 tasks
    [1492.17ms]
Downloaded @typescript/typescript-win32-arm64 versions
< 200 OK
< Date: Sat, 22 Aug 2026 13:39:21 GMT
< Content-Type: application/vnd.npm.install-v1+json
< Transfer-Encoding: chunked
< Connection: keep-alive
< set-cookie: __cf_bm=2Ld105l7_4SQLMF97x2VHiyIqn6cmOCLA01vq8xHjI0-1787405961.122007-1.0.1.1-YfCvsVNq5yJaMQvq0Yd486MThrbPrhI2TmhXukA50ZN7NMrmHSoQbcPnUsIdsAZL5jQRfqpUBf2fxkRSnKLuogV2F_S_GAjW_Dusymhome9mt_Eigrmsvet8yV_nDaYA; HttpOnly; SameSite=None; Secure; Path=/; Domain=npmjs.org; Expires=Sat, 22 Aug 2026 14:09:21 GMT
< set-cookie: _cfuvid=FDIP025ymRyZeYK5Uo6V57jdhWEhU1C77_kSf2cHdVU-1787405961.122007-1.0.1.1-vXDzINaCJhwL151AaHgdH6ZB1YtX2MfkW6XZ1FO8VRA; HttpOnly; SameSite=None; Secure; Path=/; Domain=npmjs.org
< CF-Ray: a2f248790d8e7095-EWR
< CF-Cache-Status: HIT
< Access-Control-Allow-Origin: *
< Cache-Control: public, max-age=300
< Vary: accept-encoding, accept
< Last-Modified: Wed, 08 Jul 2026 15:50:43 GMT
< Server: cloudflare
< ETag: W/"9d4933daa4645d65550800471906c239"
< Content-Encoding: br

[PackageManager] waiting for 27 tasks
    [1494.83ms]
Downloaded @typescript/typescript-sunos-x64 versions
   - "@typescript/typescript-win32-arm64": "7.0.2" - @typescript/typescript-win32-arm64@7.0.2
[PackageManager] waiting for 26 tasks
   - "@typescript/typescript-sunos-x64": "7.0.2" - @typescript/typescript-sunos-x64@7.0.2
[PackageManager] waiting for 25 tasks
< 200 OK
< Date: Sat, 22 Aug 2026 13:39:21 GMT
< Content-Type: application/vnd.npm.install-v1+json
< Transfer-Encoding: chunked
< Connection: keep-alive
< set-cookie: __cf_bm=3cY1fnkWzMbkMnShesTqcpsJnTwUBldcIyqIBfziZ2I-1787405961.121843-1.0.1.1-_cJiX9CiKj0dtteItIC0fGWtTT473jxdBiDWzLmpmc8kXzZjL_VCFgRPPGfW35lybqVQsEraypTsKE73QbM_RHy59ORyYgkC9jEzFFUMlwsEmsXZ4VMysqNDCaMomesM; HttpOnly; SameSite=None; Secure; Path=/; Domain=npmjs.org; Expires=Sat, 22 Aug 2026 14:09:21 GMT
< set-cookie: _cfuvid=2jO0Jo.BsJ0IdAHo0001MfoTyG43DXQDLqjsIHmYzMg-1787405961.121843-1.0.1.1-CK4Q6L7GcVbioQJ0BlgnNZDywKyBphipB85YhE7ZJYM; HttpOnly; SameSite=None; Secure; Path=/; Domain=npmjs.org
< CF-Ray: a2f248790d81ae70-EWR
< CF-Cache-Status: HIT
< Access-Control-Allow-Origin: *
< Age: 276
< Cache-Control: public, max-age=300
< Vary: accept-encoding, accept
< Last-Modified: Wed, 08 Jul 2026 15:50:39 GMT
< Server: cloudflare
< ETag: W/"f8682ef026321fd1bbd23e43712e9770"
< Content-Encoding: br

[PackageManager] waiting for 25 tasks
    [1.51s]
Downloaded @typescript/typescript-openbsd-x64 versions
[PackageManager] waiting for 25 tasks
   - "@typescript/typescript-openbsd-x64": "7.0.2" - @typescript/typescript-openbsd-x64@7.0.2
[PackageManager] waiting for 24 tasks
    [1.53s]
Downloaded @typescript/typescript-linux-arm64 versions
[PackageManager] waiting for 24 tasks
   - "@typescript/typescript-linux-arm64": "7.0.2" - @typescript/typescript-linux-arm64@7.0.2
 HTTP/1.1 GET https://registry.npmjs.org/@typescript/typescript-linux-arm64/-/typescript-linux-arm64-7.0.2.tgz
 Connection: keep-alive
 User-Agent: Bun/1.4.1
 Accept: */*
 Host: registry.npmjs.org
 Accept-Encoding: gzip, deflate, br, zstd
[PackageManager] waiting for 24 tasks
    [1.55s]
Downloaded @typescript/typescript-darwin-arm64 versions
[PackageManager] waiting for 24 tasks
   - "@typescript/typescript-darwin-arm64": "7.0.2" - @typescript/typescript-darwin-arm64@7.0.2
< 200 OK
< Date: Sat, 22 Aug 2026 13:39:22 GMT
< Content-Type: application/octet-stream
< Content-Length: 460701
< Connection: keep-alive
< set-cookie: __cf_bm=A1BDOGskR1WRo86PgSiP_pyNDHcuIQnGeP8QhxN8NRU-1787405962.1373515-1.0.1.1-wHi0fD81.gsHcfaXvQbHrDYGg4ILFqRGKRGLbZeF1uKwcxmQJJDTqNLd5u8kuwf.5WothajwcWbcEv5ZdEaICErIVWjKOfv1XaisIKpZ4kLTAL24W3VmnfN6MK1SHpGy; HttpOnly; SameSite=None; Secure; Path=/; Domain=npmjs.org; Expires=Sat, 22 Aug 2026 14:09:22 GMT
< set-cookie: _cfuvid=5TdweB9_pR1vhWxHXHUyC7MWA87xn4TDHqgSXoG42a4-1787405962.1373515-1.0.1.1-qm9vhJsxwavEAIva3W8VTe_abCX5Z9uRRBDlYb5uCY0; HttpOnly; SameSite=None; Secure; Path=/; Domain=npmjs.org
< CF-Ray: a2f2487f5d6ec47c-EWR
< CF-Cache-Status: HIT
< Accept-Ranges: bytes
< Access-Control-Allow-Origin: *
< Age: 953814
< Cache-Control: public, must-revalidate, max-age=31557600
< ETag: "a4880d4e15c1344a596672b89b6966d9"
< Last-Modified: Fri, 07 Aug 2026 17:52:12 GMT
< Server: cloudflare

< 200 OK
< Date: Sat, 22 Aug 2026 13:39:22 GMT
< Content-Type: application/vnd.npm.install-v1+json
< Transfer-Encoding: chunked
< Connection: keep-alive
< set-cookie: __cf_bm=SrhHrfLyddjJdSoWx6ITUetDBeWnmaPFgwbVx.ru.TU-1787405962.1357095-1.0.1.1-yXrXOhC3xxMjV.ZMohXTbrar4KpElP8OLFUKmwk5teOvQy46i_Zz8BEKVIPHT6gIu9RMXnT9wg.IaLuxQMZgrLXjUmFig4mdLIUUkplS4m6OnBeN4_KEf8kOpT1CfC9E; HttpOnly; SameSite=None; Secure; Path=/; Domain=npmjs.org; Expires=Sat, 22 Aug 2026 14:09:22 GMT
< set-cookie: _cfuvid=sktSpkjwP0XctRlE8g3i_Pxz6CQvFD4EI4z0clKyOhI-1787405962.1357095-1.0.1.1-cqlS_Lw3Cx_Rlia7FERlvXCsnlGrK5VM9gkkVQBGHH0; HttpOnly; SameSite=None; Secure; Path=/; Domain=npmjs.org
< CF-Ray: a2f2487f5d467039-EWR
< CF-Cache-Status: HIT
< Access-Control-Allow-Origin: *
< Age: 232
< Cache-Control: public, max-age=300
< Vary: accept-encoding, accept
< Last-Modified: Mon, 03 Aug 2026 15:08:47 GMT
< Server: cloudflare
< ETag: W/"b074057805f6cbdb15498d882961b6e4"
< Content-Encoding: br

[PackageManager] waiting for 23 tasks
    [1356.10ms]
Downloaded undici-types versions
[PackageManager] waiting for 23 tasks
   - "undici-types": "~8.3.0" - undici-types@8.3.0
 HTTP/1.1 GET https://registry.npmjs.org/undici-types/-/undici-types-8.3.0.tgz
 Connection: keep-alive
 User-Agent: Bun/1.4.1
 Accept: */*
 Host: registry.npmjs.org
 Accept-Encoding: gzip, deflate, br, zstd
< 200 OK
< Date: Sat, 22 Aug 2026 13:39:22 GMT
< Content-Type: application/octet-stream
< Content-Length: 8900516
< Connection: keep-alive
< set-cookie: __cf_bm=kCB6q01r0WAeckI9AqfZkldQf8fozGIe0hT_.p0e0gU-1787405962.6407106-1.0.1.1-M_Etyv1cXQ9LzGylCuFm0dEBeFfeLjosBP855tXOsXYmj2MVsiWgX0Q.Jk5HlAhvjdpRBEcz40llalR92w5Qe4B8YyoOQ3bnU50gvKwSYxzLAVOoHNrmKwQRhhTT0sU2; HttpOnly; SameSite=None; Secure; Path=/; Domain=npmjs.org; Expires=Sat, 22 Aug 2026 14:09:22 GMT
< set-cookie: _cfuvid=NfePOPN56_jujXcOopI5w612ARkReUQ94.3J3oQoGO4-1787405962.6407106-1.0.1.1-Y9c_ZrNzRSo7AOFj4kvdyhS6YAriHAIbWwet38EaiWo; HttpOnly; SameSite=None; Secure; Path=/; Domain=npmjs.org
< CF-Ray: a2f248827abaf797-EWR
< CF-Cache-Status: HIT
< Accept-Ranges: bytes
< Access-Control-Allow-Origin: *
< Age: 971091
< Cache-Control: public, must-revalidate, max-age=31557600
< ETag: "e777f0eccea10611093ef57fa7e2a559"
< Last-Modified: Wed, 08 Jul 2026 15:49:58 GMT
< Server: cloudflare

[PackageManager] waiting for 23 tasks
    [10.66s] Downloaded oxlint tarball
 bin/oxlint
 dist/bindings.js
 dist/cli.js
 dist/index.js
 dist/js_config.js
 dist/lint.js
 dist/plugins-dev.js
 dist/plugins.js
 dist/utils.js
 dist/workspace.js
 dist/workspace2.js
 configuration_schema.json
 package.json
 README.md
 dist/index.d.ts
 dist/plugins-dev.d.ts
 LICENSE
[oxlint] Extract .de8418bfe0080a3-11.oxlint (0.37 MB tgz file)
[oxlint] Extracted to .de8418bfe0080a3-11.oxlint (23.6ms)
[PackageManager] waiting for 23 tasks
< 200 OK
< Date: Sat, 22 Aug 2026 13:39:23 GMT
< Content-Type: application/octet-stream
< Content-Length: 29207
< Connection: keep-alive
< set-cookie: __cf_bm=m2Q8LpUs5PgrAvz3UZ.x8tUmJBzoGGfZgmjV0.zu5g0-1787405963.4869046-1.0.1.1-FSrexqF9l10mHXhftA0aUr9DwEMSATTc2O2cd70KPitp4e5OhdQaPluiWT_RdFmW3Bg6_NAjf1xXQtMuekBRB7m75LTB6FMO5Yi6URWtfFzbUUp.CJ9WQ3QWPfsYREpA; HttpOnly; SameSite=None; Secure; Path=/; Domain=npmjs.org; Expires=Sat, 22 Aug 2026 14:09:23 GMT
< set-cookie: _cfuvid=DbS93X.kFmgSj03AJfKK7fitmkUgBLwvLUTr5PJdKU0-1787405963.4869046-1.0.1.1-zbDyJyWSSlOsyZ0WR16zW9rp0Kf6SOrA.I2ozt6L7z4; HttpOnly; SameSite=None; Secure; Path=/; Domain=npmjs.org
< CF-Ray: a2f24887c95cc882-EWR
< CF-Cache-Status: HIT
< Accept-Ranges: bytes
< Access-Control-Allow-Origin: *
< Age: 701567
< Cache-Control: public, immutable, max-age=31557600
< ETag: "3f2ce0366e0dd62e27d9672c711a4d54"
< Last-Modified: Thu, 14 May 2026 17:06:15 GMT
< Server: cloudflare

[PackageManager] waiting for 22 tasks
    [2.02s] Downloaded undici-types tarball
 LICENSE
 package.json
 README.md
 agent.d.ts
 api.d.ts
 balanced-pool.d.ts
 cache-interceptor.d.ts
 cache.d.ts
 client-stats.d.ts
 client.d.ts
 connector.d.ts
 content-type.d.ts
 cookies.d.ts
 diagnostics-channel.d.ts
 dispatcher.d.ts
 dispatcher1-wrapper.d.ts
 env-http-proxy-agent.d.ts
 errors.d.ts
 eventsource.d.ts
 fetch.d.ts
 formdata.d.ts
 global-dispatcher.d.ts
 global-origin.d.ts
 h2c-client.d.ts
 handlers.d.ts
 header.d.ts
 index.d.ts
 interceptors.d.ts
 mock-agent.d.ts
 mock-call-history.d.ts
 mock-client.d.ts
 mock-errors.d.ts
 mock-interceptor.d.ts
 mock-pool.d.ts
 patch.d.ts
 pool-stats.d.ts
 pool.d.ts
 proxy-agent.d.ts
 readable.d.ts
 retry-agent.d.ts
 retry-handler.d.ts
 round-robin-pool.d.ts
 snapshot-agent.d.ts
 socks5-proxy-agent.d.ts
 util.d.ts
 utility.d.ts
 webidl.d.ts
 websocket.d.ts
[undici-types] Extract .f47a0bff086dddf8-12.undici-types (29.21 KB tgz file)
[undici-types] Extracted to .f47a0bff086dddf8-12.undici-types (27ms)
[PackageManager] waiting for 22 tasks
 HTTP/1.1 GET https://registry.npmjs.org/@oxfmt%2fbinding-darwin-x64
 Accept: application/vnd.npm.install-v1+json; q=1.0, application/json; q=0.8, */*
 Connection: keep-alive
 User-Agent: Bun/1.4.1
 Host: registry.npmjs.org
 Accept-Encoding: gzip, deflate, br, zstd
[PackageManager] waiting for 21 tasks
    [4.15s] Downloaded typescript tarball
 LICENSE
 bin/tsc
 lib/version.cjs
 lib/version.d.cts
 dist/api/async/api.js
 dist/api/sync/api.js
 vendor/vscode-jsonrpc/lib/common/api.js
 dist/ast/ast.generated.js
 dist/ast/ast.js
 dist/ast/astnav.js
 vendor/vscode-jsonrpc/lib/common/cancellation.js
 dist/enums/characterCodes.enum.js
 dist/enums/characterCodes.js
 dist/api/async/client.js
 dist/api/sync/client.js
 dist/ast/clone.js
 dist/enums/commentDirectiveType.enum.js
 dist/enums/commentDirectiveType.js
 dist/api/compilerOptions.js
 dist/enums/completionItemKind.enum.js
 dist/enums/completionItemKind.js
 vendor/vscode-jsonrpc/lib/common/connection.js
 dist/enums/diagnosticCategory.enum.js
 dist/enums/diagnosticCategory.js
 vendor/vscode-jsonrpc/lib/common/disposable.js
 dist/enums/elementFlags.enum.js
 dist/enums/elementFlags.js
 dist/api/node/encoder.generated.js
 dist/api/node/encoder.js
 vendor/vscode-jsonrpc/lib/common/encoding.js
 vendor/vscode-jsonrpc/lib/common/events.js
 dist/ast/factory.generated.js
 dist/api/fs.js
 lib/getExePath.js
 dist/ast/index.js
 dist/enums/internalSymbolName.enum.js
 dist/enums/internalSymbolName.js
 dist/ast/is.generated.js
 dist/ast/is.js
 vendor/vscode-jsonrpc/lib/common/is.js
 dist/ast/jsdoc.js
 dist/enums/jsxEmit.enum.js
 dist/enums/jsxEmit.js
 dist/enums/languageVariant.enum.js
 dist/enums/languageVariant.js
 vendor/vscode-jsonrpc/lib/common/linkedMap.js
 vendor/vscode-jsonrpc/lib/browser/main.js
 vendor/vscode-jsonrpc/lib/node/main.js
 vendor/vscode-jsonrpc/lib/common/messageBuffer.js
 vendor/vscode-jsonrpc/lib/common/messageReader.js
 vendor/vscode-jsonrpc/lib/common/messages.js
 vendor/vscode-jsonrpc/lib/common/messageWriter.js
 dist/enums/modifierFlags.enum.js
 dist/enums/modifierFlags.js
 dist/enums/moduleDetectionKind.enum.js
 dist/enums/moduleDetectionKind.js
 dist/enums/moduleKind.enum.js
 dist/enums/moduleKind.js
 dist/enums/moduleResolutionKind.enum.js
 dist/enums/moduleResolutionKind.js
 dist/api/node/msgpack.js
 dist/enums/newLineKind.enum.js
 dist/enums/newLineKind.js
 dist/api/node/node.generated.js
 dist/api/node/node.infrastructure.js
 dist/api/node/node.js
 dist/enums/nodeBuilderFlags.enum.js
 dist/enums/nodeBuilderFlags.js
 dist/enums/nodeFlags.enum.js
 dist/enums/nodeFlags.js
 dist/enums/objectFlags.enum.js
 dist/enums/objectFlags.js
 dist/api/options.js
 dist/enums/outerExpressionKinds.enum.js
 dist/enums/outerExpressionKinds.js
 dist/api/path.js
 dist/api/proto.js
 dist/api/node/protocol.generated.js
 dist/api/node/protocol.js
 vendor/vscode-jsonrpc/lib/common/ral.js
 dist/enums/regularExpressionFlags.enum.js
 dist/enums/regularExpressionFlags.js
 vendor/vscode-jsonrpc/lib/browser/ril.js
 vendor/vscode-jsonrpc/lib/node/ril.js
 dist/ast/scanner.js
 dist/enums/scriptKind.enum.js
 dist/enums/scriptKind.js
 dist/enums/scriptTarget.enum.js
 dist/enums/scriptTarget.js
 vendor/vscode-jsonrpc/lib/common/semaphore.js
 vendor/vscode-jsonrpc/lib/common/sharedArrayCancellation.js
 dist/enums/signatureFlags.enum.js
 dist/enums/signatureFlags.js
 dist/enums/signatureKind.enum.js
 dist/enums/signatureKind.js
 dist/api/sourceFileCache.js
 dist/enums/symbolFlags.enum.js
 dist/enums/symbolFlags.js
 dist/api/syncChannel.js
 dist/enums/syntaxKind.enum.js
 dist/enums/syntaxKind.js
 dist/api/timing.js
 dist/enums/tokenFlags.enum.js
 dist/enums/tokenFlags.js
 lib/tsc.js
 dist/enums/typeFlags.enum.js
 dist/enums/typeFlags.js
 dist/enums/typePredicateKind.enum.js
 dist/enums/typePredicateKind.js
 dist/api/async/types.js
 dist/api/sync/types.js
 dist/ast/utils.js
 dist/internal/utils.js
 dist/ast/visitor.generated.js
 dist/ast/visitor.js
 dist/api/node/wtf8.js
 package.json
 vendor/vscode-jsonrpc/package.json
 dist/api/async/api.d.ts.map
 dist/api/sync/api.d.ts.map
 dist/api/async/api.js.map
 dist/api/sync/api.js.map
 dist/ast/ast.d.ts.map
 dist/ast/ast.generated.d.ts.map
 dist/ast/ast.generated.js.map
 dist/ast/ast.js.map
 dist/ast/astnav.d.ts.map
 dist/ast/astnav.js.map
 dist/enums/characterCodes.d.ts.map
 dist/enums/characterCodes.enum.d.ts.map
 dist/enums/characterCodes.enum.js.map
 dist/enums/characterCodes.js.map
 dist/api/async/client.d.ts.map
 dist/api/sync/client.d.ts.map
 dist/api/async/client.js.map
 dist/api/sync/client.js.map
 dist/ast/clone.d.ts.map
 dist/ast/clone.js.map
 dist/enums/commentDirectiveType.d.ts.map
 dist/enums/commentDirectiveType.enum.d.ts.map
 dist/enums/commentDirectiveType.enum.js.map
 dist/enums/commentDirectiveType.js.map
 dist/api/compilerOptions.d.ts.map
 dist/api/compilerOptions.js.map
 dist/enums/completionItemKind.d.ts.map
 dist/enums/completionItemKind.enum.d.ts.map
 dist/enums/completionItemKind.enum.js.map
 dist/enums/completionItemKind.js.map
 dist/enums/diagnosticCategory.d.ts.map
 dist/enums/diagnosticCategory.enum.d.ts.map
 dist/enums/diagnosticCategory.enum.js.map
 dist/enums/diagnosticCategory.js.map
 dist/enums/elementFlags.d.ts.map
 dist/enums/elementFlags.enum.d.ts.map
 dist/enums/elementFlags.enum.js.map
 dist/enums/elementFlags.js.map
 dist/api/node/encoder.d.ts.map
 dist/api/node/encoder.generated.d.ts.map
 dist/api/node/encoder.generated.js.map
 dist/api/node/encoder.js.map
 dist/ast/factory.generated.d.ts.map
 dist/ast/factory.generated.js.map
 dist/api/fs.d.ts.map
 dist/api/fs.js.map
 dist/ast/index.d.ts.map
 dist/ast/index.js.map
 dist/enums/internalSymbolName.d.ts.map
 dist/enums/internalSymbolName.enum.d.ts.map
 dist/enums/internalSymbolName.enum.js.map
 dist/enums/internalSymbolName.js.map
 dist/ast/is.d.ts.map
 dist/ast/is.generated.d.ts.map
 dist/ast/is.generated.js.map
 dist/ast/is.js.map
 dist/ast/jsdoc.d.ts.map
 dist/ast/jsdoc.js.map
 dist/enums/jsxEmit.d.ts.map
 dist/enums/jsxEmit.enum.d.ts.map
 dist/enums/jsxEmit.enum.js.map
 dist/enums/jsxEmit.js.map
 dist/enums/languageVariant.d.ts.map
 dist/enums/languageVariant.enum.d.ts.map
 dist/enums/languageVariant.enum.js.map
 dist/enums/languageVariant.js.map
 dist/enums/modifierFlags.d.ts.map
 dist/enums/modifierFlags.enum.d.ts.map
 dist/enums/modifierFlags.enum.js.map
 dist/enums/modifierFlags.js.map
 dist/enums/moduleDetectionKind.d.ts.map
 dist/enums/moduleDetectionKind.enum.d.ts.map
 dist/enums/moduleDetectionKind.enum.js.map
 dist/enums/moduleDetectionKind.js.map
 dist/enums/moduleKind.d.ts.map
 dist/enums/moduleKind.enum.d.ts.map
 dist/enums/moduleKind.enum.js.map
 dist/enums/moduleKind.js.map
 dist/enums/moduleResolutionKind.d.ts.map
 dist/enums/moduleResolutionKind.enum.d.ts.map
 dist/enums/moduleResolutionKind.enum.js.map
 dist/enums/moduleResolutionKind.js.map
 dist/api/node/msgpack.d.ts.map
 dist/api/node/msgpack.js.map
 dist/enums/newLineKind.d.ts.map
 dist/enums/newLineKind.enum.d.ts.map
 dist/enums/newLineKind.enum.js.map
 dist/enums/newLineKind.js.map
 dist/api/node/node.d.ts.map
 dist/api/node/node.generated.d.ts.map
 dist/api/node/node.generated.js.map
 dist/api/node/node.infrastructure.d.ts.map
 dist/api/node/node.infrastructure.js.map
 dist/api/node/node.js.map
 dist/enums/nodeBuilderFlags.d.ts.map
 dist/enums/nodeBuilderFlags.enum.d.ts.map
 dist/enums/nodeBuilderFlags.enum.js.map
 dist/enums/nodeBuilderFlags.js.map
 dist/enums/nodeFlags.d.ts.map
 dist/enums/nodeFlags.enum.d.ts.map
 dist/enums/nodeFlags.enum.js.map
 dist/enums/nodeFlags.js.map
 dist/enums/objectFlags.d.ts.map
 dist/enums/objectFlags.enum.d.ts.map
 dist/enums/objectFlags.enum.js.map
 dist/enums/objectFlags.js.map
 dist/api/options.d.ts.map
 dist/api/options.js.map
 dist/enums/outerExpressionKinds.d.ts.map
 dist/enums/outerExpressionKinds.enum.d.ts.map
 dist/enums/outerExpressionKinds.enum.js.map
 dist/enums/outerExpressionKinds.js.map
 dist/api/path.d.ts.map
 dist/api/path.js.map
 dist/api/proto.d.ts.map
 dist/api/proto.js.map
 dist/api/node/protocol.d.ts.map
 dist/api/node/protocol.generated.d.ts.map
 dist/api/node/protocol.generated.js.map
 dist/api/node/protocol.js.map
 dist/enums/regularExpressionFlags.d.ts.map
 dist/enums/regularExpressionFlags.enum.d.ts.map
 dist/enums/regularExpressionFlags.enum.js.map
 dist/enums/regularExpressionFlags.js.map
 dist/ast/scanner.d.ts.map
 dist/ast/scanner.js.map
 dist/enums/scriptKind.d.ts.map
 dist/enums/scriptKind.enum.d.ts.map
 dist/enums/scriptKind.enum.js.map
 dist/enums/scriptKind.js.map
 dist/enums/scriptTarget.d.ts.map
 dist/enums/scriptTarget.enum.d.ts.map
 dist/enums/scriptTarget.enum.js.map
 dist/enums/scriptTarget.js.map
 dist/enums/signatureFlags.d.ts.map
 dist/enums/signatureFlags.enum.d.ts.map
 dist/enums/signatureFlags.enum.js.map
 dist/enums/signatureFlags.js.map
 dist/enums/signatureKind.d.ts.map
 dist/enums/signatureKind.enum.d.ts.map
 dist/enums/signatureKind.enum.js.map
 dist/enums/signatureKind.js.map
 dist/api/sourceFileCache.d.ts.map
 dist/api/sourceFileCache.js.map
 dist/enums/symbolFlags.d.ts.map
 dist/enums/symbolFlags.enum.d.ts.map
 dist/enums/symbolFlags.enum.js.map
 dist/enums/symbolFlags.js.map
 dist/api/syncChannel.d.ts.map
 dist/api/syncChannel.js.map
 dist/enums/syntaxKind.d.ts.map
 dist/enums/syntaxKind.enum.d.ts.map
 dist/enums/syntaxKind.enum.js.map
 dist/enums/syntaxKind.js.map
 dist/api/timing.d.ts.map
 dist/api/timing.js.map
 dist/enums/tokenFlags.d.ts.map
 dist/enums/tokenFlags.enum.d.ts.map
 dist/enums/tokenFlags.enum.js.map
 dist/enums/tokenFlags.js.map
 dist/enums/typeFlags.d.ts.map
 dist/enums/typeFlags.enum.d.ts.map
 dist/enums/typeFlags.enum.js.map
 dist/enums/typeFlags.js.map
 dist/enums/typePredicateKind.d.ts.map
 dist/enums/typePredicateKind.enum.d.ts.map
 dist/enums/typePredicateKind.enum.js.map
 dist/enums/typePredicateKind.js.map
 dist/api/async/types.d.ts.map
 dist/api/sync/types.d.ts.map
 dist/api/async/types.js.map
 dist/api/sync/types.js.map
 dist/ast/utils.d.ts.map
 dist/internal/utils.d.ts.map
 dist/ast/utils.js.map
 dist/internal/utils.js.map
 dist/ast/visitor.d.ts.map
 dist/ast/visitor.generated.d.ts.map
 dist/ast/visitor.generated.js.map
 dist/ast/visitor.js.map
 dist/api/node/wtf8.d.ts.map
 dist/api/node/wtf8.js.map
 README.md
 vendor/vscode-jsonrpc/README.md
 dist/api/async/api.d.ts
 dist/api/sync/api.d.ts
 vendor/vscode-jsonrpc/lib/common/api.d.ts
 dist/ast/ast.d.ts
 dist/ast/ast.generated.d.ts
 dist/ast/astnav.d.ts
 vendor/vscode-jsonrpc/lib/common/cancellation.d.ts
 dist/enums/characterCodes.d.ts
 dist/enums/characterCodes.enum.d.ts
 dist/api/async/client.d.ts
 dist/api/sync/client.d.ts
 dist/ast/clone.d.ts
 dist/enums/commentDirectiveType.d.ts
 dist/enums/commentDirectiveType.enum.d.ts
 dist/api/compilerOptions.d.ts
 dist/enums/completionItemKind.d.ts
 dist/enums/completionItemKind.enum.d.ts
 vendor/vscode-jsonrpc/lib/common/connection.d.ts
 dist/enums/diagnosticCategory.d.ts
 dist/enums/diagnosticCategory.enum.d.ts
 vendor/vscode-jsonrpc/lib/common/disposable.d.ts
 dist/enums/elementFlags.d.ts
 dist/enums/elementFlags.enum.d.ts
 dist/api/node/encoder.d.ts
 dist/api/node/encoder.generated.d.ts
 vendor/vscode-jsonrpc/lib/common/encoding.d.ts
 vendor/vscode-jsonrpc/lib/common/events.d.ts
 dist/ast/factory.generated.d.ts
 dist/api/fs.d.ts
 lib/getExePath.d.ts
 dist/ast/index.d.ts
 dist/enums/internalSymbolName.d.ts
 dist/enums/internalSymbolName.enum.d.ts
 dist/ast/is.d.ts
 vendor/vscode-jsonrpc/lib/common/is.d.ts
 dist/ast/is.generated.d.ts
 dist/ast/jsdoc.d.ts
 dist/enums/jsxEmit.d.ts
 dist/enums/jsxEmit.enum.d.ts
 dist/enums/languageVariant.d.ts
 dist/enums/languageVariant.enum.d.ts
 vendor/vscode-jsonrpc/lib/common/linkedMap.d.ts
 vendor/vscode-jsonrpc/lib/browser/main.d.ts
 vendor/vscode-jsonrpc/lib/node/main.d.ts
 vendor/vscode-jsonrpc/lib/common/messageBuffer.d.ts
 vendor/vscode-jsonrpc/lib/common/messageReader.d.ts
 vendor/vscode-jsonrpc/lib/common/messages.d.ts
 vendor/vscode-jsonrpc/lib/common/messageWriter.d.ts
 dist/enums/modifierFlags.d.ts
 dist/enums/modifierFlags.enum.d.ts
 dist/enums/moduleDetectionKind.d.ts
 dist/enums/moduleDetectionKind.enum.d.ts
 dist/enums/moduleKind.d.ts
 dist/enums/moduleKind.enum.d.ts
 dist/enums/moduleResolutionKind.d.ts
 dist/enums/moduleResolutionKind.enum.d.ts
 dist/api/node/msgpack.d.ts
 dist/enums/newLineKind.d.ts
 dist/enums/newLineKind.enum.d.ts
 dist/api/node/node.d.ts
 dist/api/node/node.generated.d.ts
 dist/api/node/node.infrastructure.d.ts
 dist/enums/nodeBuilderFlags.d.ts
 dist/enums/nodeBuilderFlags.enum.d.ts
 dist/enums/nodeFlags.d.ts
 dist/enums/nodeFlags.enum.d.ts
 dist/enums/objectFlags.d.ts
 dist/enums/objectFlags.enum.d.ts
 dist/api/options.d.ts
 dist/enums/outerExpressionKinds.d.ts
 dist/enums/outerExpressionKinds.enum.d.ts
 dist/api/path.d.ts
 dist/api/proto.d.ts
 dist/api/node/protocol.d.ts
 dist/api/node/protocol.generated.d.ts
 vendor/vscode-jsonrpc/lib/common/ral.d.ts
 dist/enums/regularExpressionFlags.d.ts
 dist/enums/regularExpressionFlags.enum.d.ts
 vendor/vscode-jsonrpc/lib/browser/ril.d.ts
 vendor/vscode-jsonrpc/lib/node/ril.d.ts
 dist/ast/scanner.d.ts
 dist/enums/scriptKind.d.ts
 dist/enums/scriptKind.enum.d.ts
 dist/enums/scriptTarget.d.ts
 dist/enums/scriptTarget.enum.d.ts
 vendor/vscode-jsonrpc/lib/common/semaphore.d.ts
 vendor/vscode-jsonrpc/lib/common/sharedArrayCancellation.d.ts
 dist/enums/signatureFlags.d.ts
 dist/enums/signatureFlags.enum.d.ts
 dist/enums/signatureKind.d.ts
 dist/enums/signatureKind.enum.d.ts
 dist/api/sourceFileCache.d.ts
 dist/enums/symbolFlags.d.ts
 dist/enums/symbolFlags.enum.d.ts
 dist/api/syncChannel.d.ts
 dist/enums/syntaxKind.d.ts
 dist/enums/syntaxKind.enum.d.ts
 vendor/vscode-jsonrpc/typings/thenable.d.ts
 dist/api/timing.d.ts
 dist/enums/tokenFlags.d.ts
 dist/enums/tokenFlags.enum.d.ts
 dist/enums/typeFlags.d.ts
 dist/enums/typeFlags.enum.d.ts
 dist/enums/typePredicateKind.d.ts
 dist/enums/typePredicateKind.enum.d.ts
 dist/api/async/types.d.ts
 dist/api/sync/types.d.ts
 dist/ast/utils.d.ts
 dist/internal/utils.d.ts
 dist/ast/visitor.d.ts
 dist/ast/visitor.generated.d.ts
 dist/api/node/wtf8.d.ts
 vendor/vscode-jsonrpc/License.txt
 NOTICE.txt
[typescript] Extract .385840b68b6692b-13.typescript (0.37 MB tgz file)
[typescript] Extracted to .385840b68b6692b-13.typescript (124.5ms)
[PackageManager] waiting for 21 tasks
 HTTP/1.1 GET https://registry.npmjs.org/tinypool
 Accept: application/vnd.npm.install-v1+json; q=1.0, application/json; q=0.8, */*
 Connection: keep-alive
 User-Agent: Bun/1.4.1
 Host: registry.npmjs.org
 Accept-Encoding: gzip, deflate, br, zstd
 HTTP/1.1 GET https://registry.npmjs.org/@oxlint-tsgolint%2fdarwin-x64
 Accept: application/vnd.npm.install-v1+json; q=1.0, application/json; q=0.8, */*
 Connection: keep-alive
 User-Agent: Bun/1.4.1
 Host: registry.npmjs.org
 Accept-Encoding: gzip, deflate, br, zstd
 HTTP/1.1 GET https://registry.npmjs.org/@oxlint-tsgolint%2flinux-x64
 Accept: application/vnd.npm.install-v1+json; q=1.0, application/json; q=0.8, */*
 Connection: keep-alive
 User-Agent: Bun/1.4.1
 Host: registry.npmjs.org
 Accept-Encoding: gzip, deflate, br, zstd
 HTTP/1.1 GET https://registry.npmjs.org/@oxlint-tsgolint%2fdarwin-arm64
 Accept: application/vnd.npm.install-v1+json; q=1.0, application/json; q=0.8, */*
 Connection: keep-alive
 User-Agent: Bun/1.4.1
 Host: registry.npmjs.org
 Accept-Encoding: gzip, deflate, br, zstd
 HTTP/1.1 GET https://registry.npmjs.org/@oxlint-tsgolint%2flinux-arm64
 Accept: application/vnd.npm.install-v1+json; q=1.0, application/json; q=0.8, */*
 Connection: keep-alive
 User-Agent: Bun/1.4.1
 Host: registry.npmjs.org
 Accept-Encoding: gzip, deflate, br, zstd
< 200 OK
< Date: Sat, 22 Aug 2026 13:39:30 GMT
< Content-Type: application/vnd.npm.install-v1+json
< Transfer-Encoding: chunked
< Connection: keep-alive
< set-cookie: __cf_bm=QOjp3s0dQgUJfKitvT_3ljpciHTBnH_VSEmr81bdfF4-1787405970.4861867-1.0.1.1-V6TQGEckudpPEGySPGsZ6fJWumzQgOo9ht62ZZRQk974uco5mlbopPvPZ8zSDq9Ud_JNcCZhMVZmMnCWxbxvJBx5Z9ydYC8Rf18XPWCxRgIhspAg77eAkou09irtw_3s; HttpOnly; SameSite=None; Secure; Path=/; Domain=npmjs.org; Expires=Sat, 22 Aug 2026 14:09:30 GMT
< set-cookie: _cfuvid=vmrf3F9q.KkNApgYInrL_NJXI8lmII_LBxHKqoG6ry4-1787405970.4861867-1.0.1.1-wdrlyDq5PlBugR8RaOsTqyBLHpBr4LBT3XHjLPzyl2o; HttpOnly; SameSite=None; Secure; Path=/; Domain=npmjs.org
< CF-Ray: a2f248b38ec5d481-EWR
< CF-Cache-Status: HIT
< Access-Control-Allow-Origin: *
< Age: 224
< Cache-Control: public, max-age=300
< Vary: accept-encoding, accept
< Last-Modified: Sat, 03 Jan 2026 07:37:54 GMT
< Server: cloudflare
< ETag: W/"469369739b57c685c853487ba8e94f49"
< Content-Encoding: br

< 200 OK
< Date: Sat, 22 Aug 2026 13:39:30 GMT
< Content-Type: application/vnd.npm.install-v1+json
< Transfer-Encoding: chunked
< Connection: keep-alive
< set-cookie: __cf_bm=bqmhk_Tmm2mrkygfJYl10zixn5CX1f.FOgGwr5m7nT0-1787405970.4863548-1.0.1.1-Lx6UVGwjxJvfJfxQ2DiZEatLXEDJKh9H8u35gpJN5MNM7SsuXQYsSbACV8TOYcHxh3sOTaWZQqR_ufkTc98iA99FerF_q.sQ3bRbsiitI0Y6FvIMsGqFoGf5b3Wrw2Lw; HttpOnly; SameSite=None; Secure; Path=/; Domain=npmjs.org; Expires=Sat, 22 Aug 2026 14:09:30 GMT
< set-cookie: _cfuvid=oMmu1VugzBQwDvfAzz.aLCqxxZX9zMpb91KlmMTXSzo-1787405970.4863548-1.0.1.1-QxGp2J66QZMQH.kd.9lDWUwnxVswZbDjJxsMi3vCiIM; HttpOnly; SameSite=None; Secure; Path=/; Domain=npmjs.org
< CF-Ray: a2f248b389f8f534-EWR
< CF-Cache-Status: HIT
< Access-Control-Allow-Origin: *
< Age: 299
< Cache-Control: public, max-age=300
< Vary: accept-encoding, accept
< Last-Modified: Tue, 21 Jul 2026 14:33:20 GMT
< Server: cloudflare
< ETag: W/"48d6a52511c0f2c7b0444fd30eae6780"
< Content-Encoding: br

< 200 OK
< Date: Sat, 22 Aug 2026 13:39:30 GMT
< Content-Type: application/vnd.npm.install-v1+json
< Transfer-Encoding: chunked
< Connection: keep-alive
< set-cookie: __cf_bm=uTGyXMKP1B4TrOabiz8rSHkyxrVgljzm6otcU9.PWPs-1787405970.5163796-1.0.1.1-j5hEMF_9NR0iMVlRovvRvOI0MswzhEPNWRcg2.hviZkGf.sMUXg7hxAs_TJ65E9goiumv8PYjttUBUlLRLM8zTX4bFQgJCiOYiv7zCkfBcyQpD2rzw98wUPQ72BCDgCM; HttpOnly; SameSite=None; Secure; Path=/; Domain=npmjs.org; Expires=Sat, 22 Aug 2026 14:09:30 GMT
< set-cookie: _cfuvid=mhml.bZILoIHyAnFq312sbvXXEvUJLL3xgi2w2BkZHY-1787405970.5163796-1.0.1.1-TLOYH9KQnEZFPhhGp3tJk5b3moUsl3KmEtWD6hHBhq4; HttpOnly; SameSite=None; Secure; Path=/; Domain=npmjs.org
< CF-Ray: a2f248b3b9f6430e-EWR
< CF-Cache-Status: HIT
< Access-Control-Allow-Origin: *
< Age: 57
< Cache-Control: public, max-age=300
< Vary: accept-encoding, accept
< Last-Modified: Tue, 18 Aug 2026 15:05:07 GMT
< Server: cloudflare
< ETag: W/"239d37c0f4068be101b597ebbc39e764"
< Content-Encoding: br

[PackageManager] waiting for 20 tasks
    [25.24s]
Downloaded @oxfmt/binding-darwin-x64 versions
[PackageManager] waiting for 20 tasks
   - "@oxfmt/binding-darwin-x64": "0.64.0" - @oxfmt/binding-darwin-x64@0.64.0
< 200 OK
< Date: Sat, 22 Aug 2026 13:39:30 GMT
< Content-Type: application/vnd.npm.install-v1+json
< Transfer-Encoding: chunked
< Connection: keep-alive
< set-cookie: __cf_bm=8EqDS.Ozw_6CL_CWqQauVFrGWy9TYX9n_8Ydj1muh8c-1787405970.4859684-1.0.1.1-O7HI9N8mXyDhFrq9WeoQqjShndjPnQAnwwSZIFmh0Qr21oJcuX9SIx1qrtz_NCHDSAXPrNrUMqYpGFiSt3pwQ0twDRHJ5uWecYDUwVBFJLpz1M8693EAoxJvRWhgqydv; HttpOnly; SameSite=None; Secure; Path=/; Domain=npmjs.org; Expires=Sat, 22 Aug 2026 14:09:30 GMT
< set-cookie: _cfuvid=jvbxEfqcxN63kMvRI1kd829EPSX.lOvF2XyLSXCntV8-1787405970.4859684-1.0.1.1-DYEt43CXLyUbEQWTab7zNfNKj4EAd6ioos.pzB6ygW0; HttpOnly; SameSite=None; Secure; Path=/; Domain=npmjs.org
< CF-Ray: a2f248b38c615f15-EWR
< CF-Cache-Status: HIT
< Access-Control-Allow-Origin: *
< Cache-Control: public, max-age=300
< Vary: accept-encoding, accept
< Last-Modified: Tue, 21 Jul 2026 14:33:37 GMT
< Server: cloudflare
< ETag: W/"e0c27aef93eb4f846b5a405a8f9b39ac"
< Content-Encoding: br

< 200 OK
< Date: Sat, 22 Aug 2026 13:39:30 GMT
< Content-Type: application/vnd.npm.install-v1+json
< Transfer-Encoding: chunked
< Connection: keep-alive
< set-cookie: __cf_bm=amUJB3lloQXTj3r5T9AnagbZcEtu4e33UOY3C7lcOXI-1787405970.486038-1.0.1.1-WpZPOzEL_lhhAu.rJo9ix0meUqCyee9c6BAYJm0cXdL1hE88cUuhi6pOwLiSN85U3r8_MCp17i7MMvWtU2sRh3xqGC4qO62mqv2gkoxnuadM7yknYtqVEuHYUEfIMg0k; HttpOnly; SameSite=None; Secure; Path=/; Domain=npmjs.org; Expires=Sat, 22 Aug 2026 14:09:30 GMT
< set-cookie: _cfuvid=0RyMLQVrVkcLZyd9jEdORYGfx5toi6jJUaSWNo7L1.s-1787405970.486038-1.0.1.1-7u2Pep17h_YqLCM7VeUGOUl3YHyhicBTc3pQreF6vL8; HttpOnly; SameSite=None; Secure; Path=/; Domain=npmjs.org
< CF-Ray: a2f248b388bfc688-EWR
< CF-Cache-Status: HIT
< Access-Control-Allow-Origin: *
< Cache-Control: public, max-age=300
< Vary: accept-encoding, accept
< Last-Modified: Tue, 21 Jul 2026 14:33:26 GMT
< Server: cloudflare
< ETag: W/"018ed83597318865643fab49336b2b70"
< Content-Encoding: br

[PackageManager] waiting for 19 tasks
    [5.50s] Downloaded @types/node tarball
< 200 OK
< Date: Sat, 22 Aug 2026 13:39:30 GMT
< Content-Type: application/vnd.npm.install-v1+json
< Transfer-Encoding: chunked
< Connection: keep-alive
< set-cookie: __cf_bm=4NwILanjwrTh3KNQ60mIlMUFaLtWzFR_tAKJ54rog6c-1787405970.4952476-1.0.1.1-LArmLEPHyAFlHjr6oWTknc0ruf_Yi56wEhCMQ53TpVB1pIibJvKAird0ug_smk4xmItLjZ5cotn2n6sghfqXjZgB37bGz0tXipWwZVbM0w1vaCBe.evR41eXwfD2VJrK; HttpOnly; SameSite=None; Secure; Path=/; Domain=npmjs.org; Expires=Sat, 22 Aug 2026 14:09:30 GMT
< set-cookie: _cfuvid=JG67lytNJuHUF6ss_BQaKeDe97fE4GgbIoyGCsr7_7M-1787405970.4952476-1.0.1.1-g08gl_LxljaT0RMMS5kTsAmfwwcJlnD9XaP7nAZXAEY; HttpOnly; SameSite=None; Secure; Path=/; Domain=npmjs.org
< CF-Ray: a2f248b39d80606a-EWR
< CF-Cache-Status: HIT
< Access-Control-Allow-Origin: *
< Cache-Control: public, max-age=300
< Vary: accept-encoding, accept
< Last-Modified: Tue, 21 Jul 2026 14:33:32 GMT
< Server: cloudflare
< ETag: W/"e34943a206be6be255c10a933cb598f6"
< Content-Encoding: br

 LICENSE
 README.md
 assert.d.ts
 async_hooks.d.ts
 buffer.buffer.d.ts
 buffer.d.ts
 child_process.d.ts
 cluster.d.ts
 console.d.ts
 constants.d.ts
 crypto.d.ts
 dgram.d.ts
 diagnostics_channel.d.ts
 dns.d.ts
 domain.d.ts
 events.d.ts
 ffi.d.ts
 fs.d.ts
 globals.d.ts
 globals.typedarray.d.ts
 http.d.ts
 http2.d.ts
 https.d.ts
 index.d.ts
 inspector.d.ts
 inspector.generated.d.ts
 module.d.ts
 net.d.ts
 os.d.ts
 package.json
 path.d.ts
 perf_hooks.d.ts
 process.d.ts
 punycode.d.ts
 querystring.d.ts
 quic.d.ts
 readline.d.ts
 repl.d.ts
 sea.d.ts
 sqlite.d.ts
 stream.d.ts
 string_decoder.d.ts
 test.d.ts
 timers.d.ts
 tls.d.ts
 trace_events.d.ts
 tty.d.ts
 url.d.ts
 util.d.ts
 v8.d.ts
 vm.d.ts
 wasi.d.ts
 worker_threads.d.ts
 zlib.d.ts
 assert/strict.d.ts
 dns/promises.d.ts
 fs/promises.d.ts
 inspector/promises.d.ts
 path/posix.d.ts
 path/win32.d.ts
 readline/promises.d.ts
 stream/consumers.d.ts
 stream/iter.d.ts
 stream/promises.d.ts
 stream/web.d.ts
 test/reporters.d.ts
 timers/promises.d.ts
 ts5.6/buffer.buffer.d.ts
 ts5.6/globals.typedarray.d.ts
 ts5.6/index.d.ts
 ts5.7/index.d.ts
 util/types.d.ts
 web-globals/abortcontroller.d.ts
 web-globals/blob.d.ts
 web-globals/console.d.ts
 web-globals/crypto.d.ts
 web-globals/domexception.d.ts
 web-globals/encoding.d.ts
 web-globals/events.d.ts
 web-globals/fetch.d.ts
 web-globals/importmeta.d.ts
 web-globals/messaging.d.ts
 web-globals/navigator.d.ts
 web-globals/performance.d.ts
 web-globals/storage.d.ts
 web-globals/streams.d.ts
 web-globals/timers.d.ts
 web-globals/url.d.ts
 zlib/iter.d.ts
 ts5.6/compatibility/float16array.d.ts
 ts5.7/compatibility/float16array.d.ts
[@types/node] Extract .fcacdd28b343475f-16.node (0.46 MB tgz file)
[@types/node] Extracted to .fcacdd28b343475f-16.node (40.4ms)
[PackageManager] waiting for 19 tasks
[PackageManager] waiting for 18 tasks
    [25.66s]
Downloaded @oxlint-tsgolint/darwin-arm64 versions
[PackageManager] waiting for 18 tasks
   - "@oxlint-tsgolint/darwin-arm64": "7.0.2001" - @oxlint-tsgolint/darwin-arm64@7.0.2001
[PackageManager] waiting for 17 tasks
    [25.70s]
Downloaded @oxlint-tsgolint/darwin-x64 versions
[PackageManager] waiting for 17 tasks
   - "@oxlint-tsgolint/darwin-x64": "7.0.2001" - @oxlint-tsgolint/darwin-x64@7.0.2001
[PackageManager] waiting for 16 tasks
    [25.72s]
Downloaded @oxlint-tsgolint/linux-arm64 versions
[PackageManager] waiting for 16 tasks
   - "@oxlint-tsgolint/linux-arm64": "7.0.2001" - @oxlint-tsgolint/linux-arm64@7.0.2001
 HTTP/1.1 GET https://registry.npmjs.org/@oxlint-tsgolint/linux-arm64/-/linux-arm64-7.0.2001.tgz
 Connection: keep-alive
 User-Agent: Bun/1.4.1
 Accept: */*
 Host: registry.npmjs.org
 Accept-Encoding: gzip, deflate, br, zstd
[PackageManager] waiting for 16 tasks
    [25.78s]
Downloaded @oxlint-tsgolint/linux-x64 versions
[PackageManager] waiting for 16 tasks
   - "@oxlint-tsgolint/linux-x64": "7.0.2001" - @oxlint-tsgolint/linux-x64@7.0.2001
[PackageManager] waiting for 15 tasks
    [25.89s]
Downloaded tinypool versions
[PackageManager] waiting for 15 tasks
   - "tinypool": "2.1.0" - tinypool@2.1.0
 HTTP/1.1 GET https://registry.npmjs.org/tinypool/-/tinypool-2.1.0.tgz
 Connection: keep-alive
 User-Agent: Bun/1.4.1
 Accept: */*
 Host: registry.npmjs.org
 Accept-Encoding: gzip, deflate, br, zstd
< 200 OK
< Date: Sat, 22 Aug 2026 13:39:31 GMT
< Content-Type: application/octet-stream
< Content-Length: 14170
< Connection: keep-alive
< set-cookie: __cf_bm=lBCY9Riyj1zXcix5qU4MxhVatgz.ryUp3o9.V3vlkzY-1787405971.7355394-1.0.1.1-Cg5TigpQayL8osn8Lyqv6uExeVpO844vhj_0vHCMljYQGONKDppXmMIn2u8KIck6WbLQfO_5Ku8FvFNQJTIz1HOhhnwMKiKu2gl0oiG5Fw1n_O1TZ8vSU_3pZjfbbfJi; HttpOnly; SameSite=None; Secure; Path=/; Domain=npmjs.org; Expires=Sat, 22 Aug 2026 14:09:31 GMT
< set-cookie: _cfuvid=omt3nQbDwiqDa5qAsrxlkJq2rX9.KH6WBMg5lkm6S_M-1787405971.7355394-1.0.1.1-HtzdFfhmGJMIOXndJdwUyaD2wMa1kTw8.jCxJvLJa4s; HttpOnly; SameSite=None; Secure; Path=/; Domain=npmjs.org
< CF-Ray: a2f248bb5bc25f15-EWR
< CF-Cache-Status: HIT
< Accept-Ranges: bytes
< Access-Control-Allow-Origin: *
< Age: 1422294
< Cache-Control: public, immutable, max-age=31557600
< ETag: "a1806b4be28f0bce287f51edb50fe540"
< Last-Modified: Sat, 03 Jan 2026 07:37:54 GMT
< Server: cloudflare

[PackageManager] waiting for 15 tasks
    [1049.75ms] Downloaded tinypool tarball
 LICENSE
 dist/common-Qw-RoVFD.js
 dist/index.js
 dist/entry/process.js
 dist/utils-B--2TaWv.js
 dist/utils-De75vAgL.js
 dist/entry/utils.js
 dist/entry/worker.js
 package.json
 README.md
 dist/index.d.ts
 dist/entry/process.d.ts
 dist/entry/utils.d.ts
 dist/entry/worker.d.ts
[tinypool] Extract .a2c60824e1e11baa-17.tinypool (14.17 KB tgz file)
[tinypool] Extracted to .a2c60824e1e11baa-17.tinypool (10.7ms)
[PackageManager] waiting for 15 tasks
< 200 OK
< Date: Sat, 22 Aug 2026 13:39:31 GMT
< Content-Type: application/octet-stream
< Content-Length: 7138875
< Connection: keep-alive
< set-cookie: __cf_bm=oGWYPgWa2dQCrsbfCqFT7mWS2.71ZBMWsdW2E.6r9L4-1787405971.5655754-1.0.1.1-.Cbl_bjCPCASNs5oRpXhHV9ugtDUpOBe9sl0tg4ewKFsh3zb_qBAWAwxIwZdKKl2ymLHf7qLrbMLf_NQ68wvgdQ_AdytvrC7e20GnX29coSsIejWmeZm3cqAWjh7sfvw; HttpOnly; SameSite=None; Secure; Path=/; Domain=npmjs.org; Expires=Sat, 22 Aug 2026 14:09:31 GMT
< set-cookie: _cfuvid=hAfZo2x0tg0HDTC5FL1iLe48MfOlpoc.CJbYiy2gS8A-1787405971.5655754-1.0.1.1-yUmMYNc.27OcJbvlDN3BV01ElHx2ZumrQeWtbu5jboQ; HttpOnly; SameSite=None; Secure; Path=/; Domain=npmjs.org
< CF-Ray: a2f248ba4d248110-EWR
< CF-Cache-Status: HIT
< Accept-Ranges: bytes
< Access-Control-Allow-Origin: *
< Age: 1400525
< Cache-Control: public, must-revalidate, max-age=31557600
< ETag: "2b935e92ef08c1e83ab1321053eec917"
< Last-Modified: Tue, 21 Jul 2026 14:33:32 GMT
< Server: cloudflare

[PackageManager] waiting for 14 tasks
    [9.52s] Downloaded @effect/experimental tarball
 LICENSE
 dist/cjs/DevTools/Client.js
 dist/esm/DevTools/Client.js
 dist/cjs/EventLogServer/Cloudflare.js
 dist/esm/EventLogServer/Cloudflare.js
 dist/cjs/DevTools.js
 dist/esm/DevTools.js
 dist/cjs/DevTools/Domain.js
 dist/esm/DevTools/Domain.js
 dist/cjs/Event.js
 dist/esm/Event.js
 dist/cjs/EventGroup.js
 dist/esm/EventGroup.js
 dist/cjs/EventJournal.js
 dist/esm/EventJournal.js
 dist/cjs/EventLog.js
 dist/esm/EventLog.js
 dist/cjs/EventLogEncryption.js
 dist/esm/EventLogEncryption.js
 dist/cjs/EventLogRemote.js
 dist/esm/EventLogRemote.js
 dist/cjs/EventLogServer.js
 dist/esm/EventLogServer.js
 dist/cjs/index.js
 dist/esm/index.js
 dist/cjs/Persistence/Lmdb.js
 dist/esm/Persistence/Lmdb.js
 dist/cjs/Machine.js
 dist/esm/Machine.js
 dist/cjs/PersistedCache.js
 dist/esm/PersistedCache.js
 dist/cjs/PersistedQueue.js
 dist/esm/PersistedQueue.js
 dist/cjs/Persistence.js
 dist/esm/Persistence.js
 dist/cjs/Machine/Procedure.js
 dist/esm/Machine/Procedure.js
 dist/cjs/Machine/ProcedureList.js
 dist/esm/Machine/ProcedureList.js
 dist/cjs/RateLimiter.js
 dist/esm/RateLimiter.js
 dist/cjs/Reactivity.js
 dist/esm/Reactivity.js
 dist/cjs/PersistedQueue/Redis.js
 dist/cjs/Persistence/Redis.js
 dist/cjs/RateLimiter/Redis.js
 dist/esm/PersistedQueue/Redis.js
 dist/esm/Persistence/Redis.js
 dist/esm/RateLimiter/Redis.js
 dist/cjs/RequestResolver.js
 dist/esm/RequestResolver.js
 dist/cjs/Machine/SerializableProcedureList.js
 dist/esm/Machine/SerializableProcedureList.js
 dist/cjs/DevTools/Server.js
 dist/esm/DevTools/Server.js
 dist/cjs/Sse.js
 dist/esm/Sse.js
 dist/cjs/VariantSchema.js
 dist/esm/VariantSchema.js
 DevTools/Client/package.json
 DevTools/Domain/package.json
 DevTools/package.json
 DevTools/Server/package.json
 dist/esm/package.json
 Event/package.json
 EventGroup/package.json
 EventJournal/package.json
 EventLog/package.json
 EventLogEncryption/package.json
 EventLogRemote/package.json
 EventLogServer/Cloudflare/package.json
 EventLogServer/package.json
 index/package.json
 Machine/package.json
 Machine/Procedure/package.json
 Machine/ProcedureList/package.json
 Machine/SerializableProcedureList/package.json
 package.json
 PersistedCache/package.json
 PersistedQueue/package.json
 PersistedQueue/Redis/package.json
 Persistence/Lmdb/package.json
 Persistence/package.json
 Persistence/Redis/package.json
 RateLimiter/package.json
 RateLimiter/Redis/package.json
 Reactivity/package.json
 RequestResolver/package.json
 Sse/package.json
 VariantSchema/package.json
 dist/dts/DevTools/Client.d.ts.map
 dist/cjs/DevTools/Client.js.map
 dist/esm/DevTools/Client.js.map
 dist/dts/EventLogServer/Cloudflare.d.ts.map
 dist/cjs/EventLogServer/Cloudflare.js.map
 dist/esm/EventLogServer/Cloudflare.js.map
 dist/dts/DevTools.d.ts.map
 dist/cjs/DevTools.js.map
 dist/esm/DevTools.js.map
 dist/dts/DevTools/Domain.d.ts.map
 dist/cjs/DevTools/Domain.js.map
 dist/esm/DevTools/Domain.js.map
 dist/dts/Event.d.ts.map
 dist/cjs/Event.js.map
 dist/esm/Event.js.map
 dist/dts/EventGroup.d.ts.map
 dist/cjs/EventGroup.js.map
 dist/esm/EventGroup.js.map
 dist/dts/EventJournal.d.ts.map
 dist/cjs/EventJournal.js.map
 dist/esm/EventJournal.js.map
 dist/dts/EventLog.d.ts.map
 dist/cjs/EventLog.js.map
 dist/esm/EventLog.js.map
 dist/dts/EventLogEncryption.d.ts.map
 dist/cjs/EventLogEncryption.js.map
 dist/esm/EventLogEncryption.js.map
 dist/dts/EventLogRemote.d.ts.map
 dist/cjs/EventLogRemote.js.map
 dist/esm/EventLogRemote.js.map
 dist/dts/EventLogServer.d.ts.map
 dist/cjs/EventLogServer.js.map
 dist/esm/EventLogServer.js.map
 dist/dts/index.d.ts.map
 dist/cjs/index.js.map
 dist/esm/index.js.map
 dist/dts/Persistence/Lmdb.d.ts.map
 dist/cjs/Persistence/Lmdb.js.map
 dist/esm/Persistence/Lmdb.js.map
 dist/dts/Machine.d.ts.map
 dist/cjs/Machine.js.map
 dist/esm/Machine.js.map
 dist/dts/PersistedCache.d.ts.map
 dist/cjs/PersistedCache.js.map
 dist/esm/PersistedCache.js.map
 dist/dts/PersistedQueue.d.ts.map
 dist/cjs/PersistedQueue.js.map
 dist/esm/PersistedQueue.js.map
 dist/dts/Persistence.d.ts.map
 dist/cjs/Persistence.js.map
 dist/esm/Persistence.js.map
 dist/dts/Machine/Procedure.d.ts.map
 dist/cjs/Machine/Procedure.js.map
 dist/esm/Machine/Procedure.js.map
 dist/dts/Machine/ProcedureList.d.ts.map
 dist/cjs/Machine/ProcedureList.js.map
 dist/esm/Machine/ProcedureList.js.map
 dist/dts/RateLimiter.d.ts.map
 dist/cjs/RateLimiter.js.map
 dist/esm/RateLimiter.js.map
 dist/dts/Reactivity.d.ts.map
 dist/cjs/Reactivity.js.map
 dist/esm/Reactivity.js.map
 dist/dts/PersistedQueue/Redis.d.ts.map
 dist/dts/Persistence/Redis.d.ts.map
 dist/dts/RateLimiter/Redis.d.ts.map
 dist/cjs/PersistedQueue/Redis.js.map
 dist/cjs/Persistence/Redis.js.map
 dist/cjs/RateLimiter/Redis.js.map
 dist/esm/PersistedQueue/Redis.js.map
 dist/esm/Persistence/Redis.js.map
 dist/esm/RateLimiter/Redis.js.map
 dist/dts/RequestResolver.d.ts.map
 dist/cjs/RequestResolver.js.map
 dist/esm/RequestResolver.js.map
 dist/dts/Machine/SerializableProcedureList.d.ts.map
 dist/cjs/Machine/SerializableProcedureList.js.map
 dist/esm/Machine/SerializableProcedureList.js.map
 dist/dts/DevTools/Server.d.ts.map
 dist/cjs/DevTools/Server.js.map
 dist/esm/DevTools/Server.js.map
 dist/dts/Sse.d.ts.map
 dist/cjs/Sse.js.map
 dist/esm/Sse.js.map
 dist/dts/VariantSchema.d.ts.map
 dist/cjs/VariantSchema.js.map
 dist/esm/VariantSchema.js.map
 README.md
 dist/dts/DevTools/Client.d.ts
 src/DevTools/Client.ts
 dist/dts/EventLogServer/Cloudflare.d.ts
 src/EventLogServer/Cloudflare.ts
 dist/dts/DevTools.d.ts
 src/DevTools.ts
 dist/dts/DevTools/Domain.d.ts
 src/DevTools/Domain.ts
 dist/dts/Event.d.ts
 src/Event.ts
 dist/dts/EventGroup.d.ts
 src/EventGroup.ts
 dist/dts/EventJournal.d.ts
 src/EventJournal.ts
 dist/dts/EventLog.d.ts
 src/EventLog.ts
 dist/dts/EventLogEncryption.d.ts
 src/EventLogEncryption.ts
 dist/dts/EventLogRemote.d.ts
 src/EventLogRemote.ts
 dist/dts/EventLogServer.d.ts
 src/EventLogServer.ts
 dist/dts/index.d.ts
 src/index.ts
 dist/dts/Persistence/Lmdb.d.ts
 src/Persistence/Lmdb.ts
 dist/dts/Machine.d.ts
 src/Machine.ts
 dist/dts/PersistedCache.d.ts
 src/PersistedCache.ts
 dist/dts/PersistedQueue.d.ts
 src/PersistedQueue.ts
 dist/dts/Persistence.d.ts
 src/Persistence.ts
 dist/dts/Machine/Procedure.d.ts
 src/Machine/Procedure.ts
 dist/dts/Machine/ProcedureList.d.ts
 src/Machine/ProcedureList.ts
 dist/dts/RateLimiter.d.ts
 src/RateLimiter.ts
 dist/dts/Reactivity.d.ts
 src/Reactivity.ts
 dist/dts/PersistedQueue/Redis.d.ts
 dist/dts/Persistence/Redis.d.ts
 dist/dts/RateLimiter/Redis.d.ts
 src/PersistedQueue/Redis.ts
 src/Persistence/Redis.ts
 src/RateLimiter/Redis.ts
 dist/dts/RequestResolver.d.ts
 src/RequestResolver.ts
 dist/dts/Machine/SerializableProcedureList.d.ts
 src/Machine/SerializableProcedureList.ts
 dist/dts/DevTools/Server.d.ts
 src/DevTools/Server.ts
 dist/dts/Sse.d.ts
 src/Sse.ts
 dist/dts/VariantSchema.d.ts
 src/VariantSchema.ts
[@effect/experimental] Extract .382736060a836e3d-19.experimental (201.15 KB tgz file)
[@effect/experimental] Extracted to .382736060a836e3d-19.experimental (80.3ms)
[PackageManager] waiting for 14 tasks
 HTTP/1.1 GET https://registry.npmjs.org/@effect%2ftsgo-linux-x64
 Accept: application/vnd.npm.install-v1+json; q=1.0, application/json; q=0.8, */*
 Connection: keep-alive
 User-Agent: Bun/1.4.1
 Host: registry.npmjs.org
 Accept-Encoding: gzip, deflate, br, zstd
 HTTP/1.1 GET https://registry.npmjs.org/@effect%2ftsgo-win32-arm64
 Accept: application/vnd.npm.install-v1+json; q=1.0, application/json; q=0.8, */*
 Connection: keep-alive
 User-Agent: Bun/1.4.1
 Host: registry.npmjs.org
 Accept-Encoding: gzip, deflate, br, zstd
< 200 OK
< Date: Sat, 22 Aug 2026 13:39:43 GMT
< Content-Type: application/vnd.npm.install-v1+json
< Transfer-Encoding: chunked
< Connection: keep-alive
< set-cookie: __cf_bm=6kegrrXUk3hIRfqHSPDZlLE12QoIV_horc0FX3Ec63s-1787405983.3618727-1.0.1.1-j7.TSfqoj_f_JhpweXceznjlpPEP_zfpI5Xv1GJNRhu9UGtFjiDBgSN3GVKAe1upPzjj7yr6YFrWIydFHanjnIpF_coWF1xVJ76e5_1LxSDPT3uGjRgQ.rUf.q7rJbhr; HttpOnly; SameSite=None; Secure; Path=/; Domain=npmjs.org; Expires=Sat, 22 Aug 2026 14:09:43 GMT
< set-cookie: _cfuvid=jolFr2AtIOvNmG.1lNMl8SZcOgdtAQl8.syP9RRkbf0-1787405983.3618727-1.0.1.1-2VuXdm8ZX87S2xIpEIy8PFLUT0Ed514qDBl6j2y_zCg; HttpOnly; SameSite=None; Secure; Path=/; Domain=npmjs.org
< CF-Ray: a2f249040bb18068-EWR
< CF-Cache-Status: HIT
< Access-Control-Allow-Origin: *
< Age: 295
< Cache-Control: public, max-age=300
< Vary: accept-encoding, accept
< Last-Modified: Sat, 15 Aug 2026 10:19:43 GMT
< Server: cloudflare
< ETag: W/"efc313c5c774d8527d7bbb4578d3b1db"
< Content-Encoding: br

< 200 OK
< Date: Sat, 22 Aug 2026 13:39:43 GMT
< Content-Type: application/vnd.npm.install-v1+json
< Transfer-Encoding: chunked
< Connection: keep-alive
< set-cookie: __cf_bm=WYZ4wHuBzF7eldPcIH0xdckqsv0.0pljNLjDU91Y1Jo-1787405983.4008503-1.0.1.1-97SdSZmwffRzFo7B5ajCFjo5Kfa_pwAg3PSCdyafn5l7pzY.wvsB7HJIx_XO1X9kTqybgtlpeunbw8kEuRQbA0nC7GjPfjBqhr8pIpSRbB7T06hqXHs8lYJwu6.q2dvB; HttpOnly; SameSite=None; Secure; Path=/; Domain=npmjs.org; Expires=Sat, 22 Aug 2026 14:09:43 GMT
< set-cookie: _cfuvid=hXZeCWK5m914x2D2jVeV6bDHPkDNmkfHt7BfRSL4Deo-1787405983.4008503-1.0.1.1-DYqePhwNGaF9zG0P68AVhQo7gInNlSvOpy0BlEKCtrU; HttpOnly; SameSite=None; Secure; Path=/; Domain=npmjs.org
< CF-Ray: a2f249044b131f8d-EWR
< CF-Cache-Status: HIT
< Access-Control-Allow-Origin: *
< Age: 295
< Cache-Control: public, max-age=300
< Vary: accept-encoding, accept
< Last-Modified: Sat, 15 Aug 2026 10:19:43 GMT
< Server: cloudflare
< ETag: W/"8d06c014907606af14673574a51c64cc"
< Content-Encoding: br

[PackageManager] waiting for 13 tasks
    [39.23s]
Downloaded @effect/tsgo-win32-arm64 versions
[PackageManager] waiting for 13 tasks
   - "@effect/tsgo-win32-arm64": "0.36.5" - @effect/tsgo-win32-arm64@0.36.5
[PackageManager] waiting for 12 tasks
    [39.43s]
Downloaded @effect/tsgo-linux-x64 versions
[PackageManager] waiting for 12 tasks
   - "@effect/tsgo-linux-x64": "0.36.5" - @effect/tsgo-linux-x64@0.36.5
[oxfmt] Streamed 2.15 MB tarball → 42 entries
[PackageManager] waiting for 11 tasks
[@typescript/typescript-linux-arm64] Streamed 8.90 MB tarball → 114 entries
[PackageManager] waiting for 10 tasks
[PackageManager] waiting for 9 tasks
    [50.45s] Downloaded @effect/tsgo tarball
 LICENSE
 dist/effect-tsgo.cjs
 lib/getExePath.js
 oxlint-presets/index.js
 oxlint-presets/antipattern.json
 oxlint-presets/correctness.json
 oxlint-presets/effect-native.json
 oxlint-schema.json
 package.json
 oxlint-presets/recommended.json
 schema.json
 oxlint-presets/style.json
 README.md
 lib/getExePath.d.ts
 oxlint-presets/index.d.ts
[@effect/tsgo] Extract .a2c60833cb8b615d-1D.tsgo (1.96 MB tgz file)
[@effect/tsgo] Extracted to .a2c60833cb8b615d-1D.tsgo (35.9ms)
[PackageManager] waiting for 9 tasks
[@oxlint/binding-linux-arm64-gnu] Streamed 6.32 MB tarball → 3 entries
[PackageManager] waiting for 8 tasks
[@oxlint/binding-linux-arm64-musl] Streamed 6.30 MB tarball → 3 entries
[PackageManager] waiting for 7 tasks
[@oxfmt/binding-linux-arm64-gnu] Streamed 3.55 MB tarball → 3 entries
[PackageManager] waiting for 6 tasks
[@oxfmt/binding-linux-arm64-musl] Streamed 3.53 MB tarball → 3 entries
[PackageManager] waiting for 5 tasks
[@effect/language-service] Streamed 3.0 MB tarball → 12 entries
[PackageManager] waiting for 4 tasks
[@oxlint-tsgolint/linux-arm64] Streamed 7.14 MB tarball → 3 entries
[PackageManager] waiting for 3 tasks
[PackageManager] waiting for 2 tasks
 HTTP/1.1 GET https://registry.npmjs.org/@effect/tsgo-linux-arm64/-/tsgo-linux-arm64-0.36.5.tgz
 Connection: keep-alive
 User-Agent: Bun/1.4.1
 Accept: */*
 Host: registry.npmjs.org
 Accept-Encoding: gzip, deflate, br, zstd
< 200 OK
< Date: Sat, 22 Aug 2026 13:42:44 GMT
< Content-Type: application/octet-stream
< Content-Length: 49581368
< Connection: keep-alive
< set-cookie: __cf_bm=DvJhFhqwuvIYC969PXxpJwRldd_Bt746jXZ0JBbByZk-1787406164.0362225-1.0.1.1-kc.UDL6.Y7fPpjAqk1s8dpTLxFWQM1aVmwkAWcBpTRae7qDhpsmh7qQZ2iEdpJIemKL2Bn9Mzsz6vCI3sJbozRtiC5qd7ue1BxA3NBAQ9KgqRePUUgcu4FUk_k9YxpDd; HttpOnly; SameSite=None; Secure; Path=/; Domain=npmjs.org; Expires=Sat, 22 Aug 2026 14:12:44 GMT
< set-cookie: _cfuvid=BfjtWLf0uzN74akLSunIPOc8jwXXdQhPe8FHHtKWPSA-1787406164.0362225-1.0.1.1-KLmmlEIdo.0zKXrWnq3UKkqsSI1PC8DRRGudWd.sUq8; HttpOnly; SameSite=None; Secure; Path=/; Domain=npmjs.org
< CF-Ray: a2f24d6d3fee9bb4-EWR
< CF-Cache-Status: HIT
< Accept-Ranges: bytes
< Access-Control-Allow-Origin: *
< Age: 126348
< Cache-Control: public, must-revalidate, max-age=31557600
< ETag: "a9777f58be56fcd8831de42a453385ba"
< Last-Modified: Sat, 15 Aug 2026 10:19:42 GMT
< Server: cloudflare

[PackageManager] waiting for 2 tasks
 HTTP/1.1 GET https://registry.npmjs.org/effect/-/effect-4.0.0-rc.111.tgz
 Connection: keep-alive
 User-Agent: Bun/1.4.1
 Accept: */*
 Host: registry.npmjs.org
 Accept-Encoding: gzip, deflate, br, zstd
< 200 OK
< Date: Sat, 22 Aug 2026 13:42:49 GMT
< Content-Type: application/octet-stream
< Content-Length: 8309901
< Connection: keep-alive
< set-cookie: __cf_bm=0VO5ab8h7Q5Dgn0OVL5I8c9rZ5pRiwGdPoWAjW1DthU-1787406169.7179377-1.0.1.1-TyfSE9BIpsfMKvSaouzVNgPXJ_MFrtCaBQJ9p4IjrnlmG_zmMr.wqVc_JvKbJl4NLppNWktN1434fT9uqp1txsTjWKbwq1cnWvs2H_Ab_7ybWheLqxzxi7q1KK96IQd3; HttpOnly; SameSite=None; Secure; Path=/; Domain=npmjs.org; Expires=Sat, 22 Aug 2026 14:12:49 GMT
< set-cookie: _cfuvid=QqLecUhbMKwRxCGz1S1pIWTYrjCgmgJa0on81SnNmhA-1787406169.7179377-1.0.1.1-bT8a6Yha4Y6P0S79qsMu5oUv_Do1sjj2I.T_QGUXqyc; HttpOnly; SameSite=None; Secure; Path=/; Domain=npmjs.org
< CF-Ray: a2f24d90bad0425f-EWR
< CF-Cache-Status: HIT
< Accept-Ranges: bytes
< Access-Control-Allow-Origin: *
< Age: 204825
< Cache-Control: public, immutable, max-age=31557600
< ETag: "ffb07a0d21d56d752061f9481c8f94af"
< Last-Modified: Thu, 20 Aug 2026 04:49:03 GMT
< Server: cloudflare

[effect] Streamed 8.31 MB tarball → 2331 entries
[PackageManager] waiting for 2 tasks
[@effect/tsgo-linux-arm64] Streamed 49.58 MB tarball → 10 entries
[PackageManager] waiting for 1 tasks
Enqueue package manifest for download: @effect/platform
 HTTP/1.1 GET https://registry.npmjs.org/@effect%2fplatform
 Accept: application/vnd.npm.install-v1+json; q=1.0, application/json; q=0.8, */*
 Connection: keep-alive
 User-Agent: Bun/1.4.1
 Host: registry.npmjs.org
 Accept-Encoding: gzip, deflate, br, zstd
< 200 OK
< Date: Sat, 22 Aug 2026 13:44:51 GMT
< Content-Type: application/vnd.npm.install-v1+json
< Transfer-Encoding: chunked
< Connection: keep-alive
< set-cookie: __cf_bm=RVUPx7ADw.PFQAxam3z8rwtZG93GfdCiUXFvbYn..DE-1787406291.4865947-1.0.1.1-HyHuCq_Wob_1sUu.MO1841R.7DveRkPVITOz2dHpEtnsf_csD4.tN7AOcE_PJab9ZTZ6jQDWeGJPw7SYT1HYzedM1_4UlJM4H_A_4TbLe4THSTES8Dikf8t.8DReFcwi; HttpOnly; SameSite=None; Secure; Path=/; Domain=npmjs.org; Expires=Sat, 22 Aug 2026 14:14:51 GMT
< set-cookie: _cfuvid=2R9aQIwXwyb.oaKQA8iEXd1gtLcZp2pE46NepBRErPQ-1787406291.4865947-1.0.1.1-XbINlXU0YOA_h4U8aK.iLbeYbDPXehcwS3eXvThE608; HttpOnly; SameSite=None; Secure; Path=/; Domain=npmjs.org
< CF-Ray: a2f25089cad49bb4-EWR
< CF-Cache-Status: HIT
< Access-Control-Allow-Origin: *
< Cache-Control: public, max-age=300
< Vary: accept-encoding, accept
< Last-Modified: Thu, 30 Jul 2026 04:29:19 GMT
< Server: cloudflare
< ETag: W/"35bab7caa06dd86d0bbf633ae5e6243a"
< Content-Encoding: br

[PackageManager] waiting for 1 tasks
    [871.97ms]
Downloaded @effect/platform versions
[PackageManager] waiting for 1 tasks
   - "@effect/platform": "^0.97.1" - @effect/platform@0.97.1
   - "msgpackr": "^1.11.10" - msgpackr@1.12.1
Enqueue package manifest for download: multipasta
Enqueue package manifest for download: find-my-way-ts
 HTTP/1.1 GET https://registry.npmjs.org/multipasta
 Accept: application/vnd.npm.install-v1+json; q=1.0, application/json; q=0.8, */*
 Connection: keep-alive
 User-Agent: Bun/1.4.1
 Host: registry.npmjs.org
 Accept-Encoding: gzip, deflate, br, zstd
< 200 OK
< Date: Sat, 22 Aug 2026 13:44:52 GMT
< Content-Type: application/vnd.npm.install-v1+json
< Transfer-Encoding: chunked
< Connection: keep-alive
< set-cookie: __cf_bm=JjF_.ld2xhYkFxtsg4nukYRlkfOFnFOGBanc57ySo5M-1787406292.635138-1.0.1.1-oAgu_4z.FWIWd8LmvfkiFA.m0YexDrJ2xHjR46vPnbEEuJCv4M1VsMWIoCs7.riBGmpMEjWkVCZTzt8RIebU7zNMdlW9SbQT4ZZgLzcqxmC5RUNwQ7ziyVmZY_ZrGqp9; HttpOnly; SameSite=None; Secure; Path=/; Domain=npmjs.org; Expires=Sat, 22 Aug 2026 14:14:52 GMT
< set-cookie: _cfuvid=bp0YjSdxiziXYJZD4Q7tPn0Wlz1Ujxbhf_vKvx_ttLs-1787406292.635138-1.0.1.1-z3A4dnkjSZRXgvygoodgLdLw0.znvPF8vAoLcwvsJiI; HttpOnly; SameSite=None; Secure; Path=/; Domain=npmjs.org
< CF-Ray: a2f25090ff039bb4-EWR
< CF-Cache-Status: HIT
< Access-Control-Allow-Origin: *
< Cache-Control: public, max-age=300
< Vary: accept-encoding, accept
< Last-Modified: Sun, 05 Jul 2026 21:29:14 GMT
< Server: cloudflare
< ETag: W/"78575f90695e6452ed8f016273f19e56"
< Content-Encoding: br

    [741.16ms]
Downloaded multipasta versions
[PackageManager] waiting for 4 tasks
   - "multipasta": "^0.2.8" - multipasta@0.2.8
 HTTP/1.1 GET https://registry.npmjs.org/multipasta/-/multipasta-0.2.8.tgz
 Connection: keep-alive
 User-Agent: Bun/1.4.1
 Accept: */*
 Host: registry.npmjs.org
 Accept-Encoding: gzip, deflate, br, zstd
< 200 OK
< Date: Sat, 22 Aug 2026 13:44:53 GMT
< Content-Type: application/octet-stream
< Content-Length: 29237
< Connection: keep-alive
< set-cookie: __cf_bm=D4AeAc8AnTSuooCcMZhSGHjstXJpGd7PE9KAN.Qa.tA-1787406293.0963569-1.0.1.1-Cgx2uzDnh98VR1A2kpARROhPQeFV0jGxyJrDcfcdDF2W4VwqheekA5ur_GZW8SZiaMxYlAWK4PJOvNZ9Ms2_MLwPJGQfInN2zATXNReMQ0TSrUXXrhvOcXomgirVnHH6; HttpOnly; SameSite=None; Secure; Path=/; Domain=npmjs.org; Expires=Sat, 22 Aug 2026 14:14:53 GMT
< set-cookie: _cfuvid=kuULhBgyvtenRoM3uiH25bDSzsAHAkQe4WqozI2U55k-1787406293.0963569-1.0.1.1-5Xgas_SctV40UCrC_7XsmgfTkMoKNLBKCQE.hMNJuj0; HttpOnly; SameSite=None; Secure; Path=/; Domain=npmjs.org
< CF-Ray: a2f25093df7c9bb4-EWR
< CF-Cache-Status: HIT
< Accept-Ranges: bytes
< Access-Control-Allow-Origin: *
< Age: 882085
< Cache-Control: public, immutable, max-age=31557600
< ETag: "467dc2cb4710d43804fa5917902c3185"
< Last-Modified: Sun, 05 Jul 2026 21:29:14 GMT
< Server: cloudflare

[PackageManager] waiting for 4 tasks
    [364.45ms] Downloaded multipasta tarball
 LICENSE
 dist/cjs/internal/contentType.js
 dist/esm/internal/contentType.js
 dist/cjs/internal/headers.js
 dist/esm/internal/headers.js
 dist/cjs/HeadersParser.js
 dist/esm/HeadersParser.js
 dist/cjs/index.js
 dist/esm/index.js
 dist/cjs/internal/multipart.js
 dist/esm/internal/multipart.js
 dist/cjs/node.js
 dist/esm/node.js
 dist/cjs/internal/search.js
 dist/cjs/Search.js
 dist/esm/internal/search.js
 dist/esm/Search.js
 dist/cjs/web.js
 dist/esm/web.js
 dist/esm/package.json
 dist/dts/internal/contentType.d.ts.map
 dist/cjs/internal/contentType.js.map
 dist/esm/internal/contentType.js.map
 dist/dts/internal/headers.d.ts.map
 dist/cjs/internal/headers.js.map
 dist/esm/internal/headers.js.map
 dist/dts/HeadersParser.d.ts.map
 dist/cjs/HeadersParser.js.map
 dist/esm/HeadersParser.js.map
 dist/dts/index.d.ts.map
 dist/cjs/index.js.map
 dist/esm/index.js.map
 dist/dts/internal/multipart.d.ts.map
 dist/cjs/internal/multipart.js.map
 dist/esm/internal/multipart.js.map
 dist/dts/node.d.ts.map
 dist/cjs/node.js.map
 dist/esm/node.js.map
 dist/dts/internal/search.d.ts.map
 dist/dts/Search.d.ts.map
 dist/cjs/internal/search.js.map
 dist/cjs/Search.js.map
 dist/esm/internal/search.js.map
 dist/esm/Search.js.map
 dist/dts/web.d.ts.map
 dist/cjs/web.js.map
 dist/esm/web.js.map
 README.md
 dist/dts/internal/contentType.d.ts
 src/internal/contentType.ts
 dist/dts/internal/headers.d.ts
 src/internal/headers.ts
 dist/dts/HeadersParser.d.ts
 src/HeadersParser.ts
 dist/dts/index.d.ts
 src/index.ts
 dist/dts/internal/multipart.d.ts
 src/internal/multipart.ts
 dist/dts/node.d.ts
 src/node.ts
 dist/dts/internal/search.d.ts
 dist/dts/Search.d.ts
 src/internal/search.ts
 src/Search.ts
 dist/dts/web.d.ts
 src/web.ts
 package.json
[multipasta] Extract .38584c403c07936-20.multipasta (29.24 KB tgz file)
[multipasta] Extracted to .38584c403c07936-20.multipasta (13.3ms)
[PackageManager] waiting for 4 tasks
 HTTP/1.1 GET https://registry.npmjs.org/@effect/platform/-/platform-0.97.1.tgz
 Connection: keep-alive
 User-Agent: Bun/1.4.1
 Accept: */*
 Host: registry.npmjs.org
 Accept-Encoding: gzip, deflate, br, zstd
 HTTP/1.1 GET https://registry.npmjs.org/find-my-way-ts
 Accept: application/vnd.npm.install-v1+json; q=1.0, application/json; q=0.8, */*
 Connection: keep-alive
 User-Agent: Bun/1.4.1
 Host: registry.npmjs.org
 Accept-Encoding: gzip, deflate, br, zstd
 HTTP/1.1 GET https://registry.npmjs.org/msgpackr/-/msgpackr-1.12.1.tgz
 Connection: keep-alive
 User-Agent: Bun/1.4.1
 Accept: */*
 Host: registry.npmjs.org
 Accept-Encoding: gzip, deflate, br, zstd
< 200 OK
< Date: Sat, 22 Aug 2026 13:44:54 GMT
< Content-Type: application/vnd.npm.install-v1+json
< Transfer-Encoding: chunked
< Connection: keep-alive
< set-cookie: __cf_bm=wUd7S.7U.b1v7OhkJOsIMgrNKcXyn8b78pI3TyI5KPA-1787406294.1114151-1.0.1.1-.0mCEkHgQLUbq16iHXLZt.ZkibeG_KyGIV6j9GYveaW38FYLedvZxUC5YqXaR69gZDXNO5NeYGhML.E3ymmSely15CopXaYyD8CGGfTs.ifaYAHEn6.Klb9sEZWAZvMO; HttpOnly; SameSite=None; Secure; Path=/; Domain=npmjs.org; Expires=Sat, 22 Aug 2026 14:14:54 GMT
< set-cookie: _cfuvid=euOkILibIyHnv.ttijohGo3tqDYw0oikZJFaupFOGuQ-1787406294.1114151-1.0.1.1-6ZxvSrueRcqDnLIst2QYW56IxIMaUTRUyV1Ni7NigLE; HttpOnly; SameSite=None; Secure; Path=/; Domain=npmjs.org
< CF-Ray: a2f2509a381f204a-EWR
< CF-Cache-Status: HIT
< Access-Control-Allow-Origin: *
< Age: 230
< Cache-Control: public, max-age=300
< Vary: accept-encoding, accept
< Last-Modified: Tue, 08 Jul 2025 21:24:52 GMT
< Server: cloudflare
< ETag: W/"d8ac099952e51caeb329ca651cdcc2e8"
< Content-Encoding: br

[PackageManager] waiting for 3 tasks
< 200 OK
< Date: Sat, 22 Aug 2026 13:44:54 GMT
< Content-Type: application/octet-stream
< Content-Length: 465901
< Connection: keep-alive
< set-cookie: __cf_bm=lbbj_lX4mvEmdbwk3PPqAOuLFdwnJhTHMAvcjySrGDI-1787406294.1369946-1.0.1.1-pdyzIelaNkpQgq7SgcFu5QaQ8JdaMcJaGjyDsqGULTlvVHF61apZPa61qyzCfITRT88gMDeCyCUoLmOL2fdGx1DfAyYEQFaV53AapLBol28wdIkWwWdO2laYhMbpijjC; HttpOnly; SameSite=None; Secure; Path=/; Domain=npmjs.org; Expires=Sat, 22 Aug 2026 14:14:54 GMT
< set-cookie: _cfuvid=ZdbwwbcN1rOxBob0NsHSd0ztfDDmWBMjhLwzOpqLwkU-1787406294.1369946-1.0.1.1-z3EMwz0xM9nc2_brZq7A432RfkySSmyWU8_1Mt6hWMo; HttpOnly; SameSite=None; Secure; Path=/; Domain=npmjs.org
< CF-Ray: a2f2509a5c2744ce-EWR
< CF-Cache-Status: HIT
< Accept-Ranges: bytes
< Access-Control-Allow-Origin: *
< Age: 1256730
< Cache-Control: public, immutable, max-age=31557600
< ETag: "1362a3ecbc18f279d77733ad6522fd17"
< Last-Modified: Tue, 09 Jun 2026 02:32:28 GMT
< Server: cloudflare

    [2.10s]
Downloaded find-my-way-ts versions
[PackageManager] waiting for 3 tasks
   - "find-my-way-ts": "^0.1.6" - find-my-way-ts@0.1.6
 HTTP/1.1 GET https://registry.npmjs.org/find-my-way-ts/-/find-my-way-ts-0.1.6.tgz
 Connection: keep-alive
 User-Agent: Bun/1.4.1
 Accept: */*
 Host: registry.npmjs.org
 Accept-Encoding: gzip, deflate, br, zstd
< 200 OK
< Date: Sat, 22 Aug 2026 13:44:54 GMT
< Content-Type: application/octet-stream
< Content-Length: 4884243
< Connection: keep-alive
< set-cookie: __cf_bm=V444jxqUJtpL_msK6Px2h1bz7PvlwfKzMJRs.vgKSzg-1787406294.1110804-1.0.1.1-eGQJ_fgK2BJz3yaG3GX3DQMGa94Rp6Kq1dd5GYEyb91A87Lg5FGQKvuFf555xMm2BzLTT7kuExBR.niPs6sQswAXPYp0L5TpVSqCLeJq2oAh46IEJtFtEWT37FAnPURh; HttpOnly; SameSite=None; Secure; Path=/; Domain=npmjs.org; Expires=Sat, 22 Aug 2026 14:14:54 GMT
< set-cookie: _cfuvid=BlILXJU_KL.2HhcZAc_eFVDUFqNcDhMTw0O8Z5H_lxg-1787406294.1110804-1.0.1.1-FcX3c5zXBpQCWkRb2.LJ2pLrFCS_Dsowylbn5K0PbU4; HttpOnly; SameSite=None; Secure; Path=/; Domain=npmjs.org
< CF-Ray: a2f2509a3aae1efc-EWR
< CF-Cache-Status: HIT
< Accept-Ranges: bytes
< Access-Control-Allow-Origin: *
< Age: 2020534
< Cache-Control: public, must-revalidate, max-age=31557600
< ETag: "6775b313680c26f1f051a1a520f671dd"
< Last-Modified: Thu, 30 Jul 2026 04:29:19 GMT
< Server: cloudflare

< 200 OK
< Date: Sat, 22 Aug 2026 13:44:54 GMT
< Content-Type: application/octet-stream
< Content-Length: 30903
< Connection: keep-alive
< set-cookie: __cf_bm=9nZJkvgMkxLcX3Q.4ssrrCknb_S629Y8HoplGZwoe2Y-1787406294.3563533-1.0.1.1-uynPlOe7eGxhqViHDC5SPGUV3cwgKnmo41RUWuqhIgNtx7_TKc9cPqGiP9nFKgNV31KoNQU6L.0QofU0ZOZr9V7BKfRTy84FyZTT4pLJcmRW_JgJa6X4Kb6NdHosKfEo; HttpOnly; SameSite=None; Secure; Path=/; Domain=npmjs.org; Expires=Sat, 22 Aug 2026 14:14:54 GMT
< set-cookie: _cfuvid=k0w0qdHq42T3hjf.qMPg7JkdwTVz7cG77bCOj1nlptM-1787406294.3563533-1.0.1.1-Dz27eg_CyDiT6khgKGa5YLyTWIcSrTc4N6P_db5xd_4; HttpOnly; SameSite=None; Secure; Path=/; Domain=npmjs.org
< CF-Ray: a2f2509bbc449bb4-EWR
< CF-Cache-Status: HIT
< Accept-Ranges: bytes
< Access-Control-Allow-Origin: *
< Age: 1127115
< Cache-Control: public, immutable, max-age=31557600
< ETag: "050effcf7394f2b2b461d078f2e21c50"
< Last-Modified: Tue, 08 Jul 2025 21:24:52 GMT
< Server: cloudflare

[PackageManager] waiting for 3 tasks
    [350.41s] Downloaded find-my-way-ts tarball
 LICENSE
 dist/cjs/internal/env.js
 dist/esm/internal/env.js
 dist/cjs/index.js
 dist/esm/index.js
 dist/cjs/QueryString.js
 dist/esm/QueryString.js
 dist/cjs/internal/router.js
 dist/esm/internal/router.js
 dist/esm/package.json
 QueryString/package.json
 dist/dts/internal/env.d.ts.map
 dist/cjs/internal/env.js.map
 dist/esm/internal/env.js.map
 dist/dts/index.d.ts.map
 dist/cjs/index.js.map
 dist/esm/index.js.map
 dist/dts/QueryString.d.ts.map
 dist/cjs/QueryString.js.map
 dist/esm/QueryString.js.map
 dist/dts/internal/router.d.ts.map
 dist/cjs/internal/router.js.map
 dist/esm/internal/router.js.map
 README.md
 dist/dts/internal/env.d.ts
 src/internal/env.ts
 dist/dts/index.d.ts
 src/index.ts
 dist/dts/QueryString.d.ts
 src/QueryString.ts
 dist/dts/internal/router.d.ts
 src/internal/router.ts
 package.json
[find-my-way-ts] Extract .382736cbd057a568-21.find-my-way-ts (30.90 KB tgz file)
[find-my-way-ts] Extracted to .382736cbd057a568-21.find-my-way-ts (8.7ms)
[PackageManager] waiting for 3 tasks
[PackageManager] waiting for 2 tasks
    [2.91s] Downloaded msgpackr tarball
 LICENSE
 dist/index-no-eval.cjs
 dist/node.cjs
 dist/unpack-no-eval.cjs
 index.d.cts
 pack.d.cts
 unpack.d.cts
 dist/index-no-eval.min.js
 dist/index.js
 index.js
 dist/index.min.js
 iterators.js
 node-index.js
 pack.js
 rollup.config.js
 stream.js
 struct.js
 test-worker.js
 dist/test.js
 unpack.js
 package.json
 dist/index-no-eval.cjs.map
 dist/index-no-eval.min.js.map
 dist/index.js.map
 dist/index.min.js.map
 dist/node.cjs.map
 dist/test.js.map
 dist/unpack-no-eval.cjs.map
 benchmark.md
 README.md
 SECURITY.md
 index.d.ts
 pack.d.ts
 unpack.d.ts
[msgpackr] Extract .1adcdfd289ac56ad-23.msgpackr (0.47 MB tgz file)
[msgpackr] Extracted to .1adcdfd289ac56ad-23.msgpackr (21.8ms)
[PackageManager] waiting for 2 tasks
[@effect/platform] Streamed 4.88 MB tarball → 709 entries
[PackageManager] waiting for 1 tasks
Resolved, downloaded and extracted [259]
warn: ConnectionClosed downloading tarball @effect/tsgo-linux-arm64@0.36.5. Retrying 1/5...

warn: ConnectionClosed downloading tarball effect@4.0.0-rc.111. Retrying 1/5...

warn: incorrect peer dependency "effect@4.0.0-rc.111"

warn: incorrect peer dependency "effect@4.0.0-rc.111"
Clean lockfile: 103 packages - 103 packages in 754.8us
Skip installing @effect/tsgo-darwin-arm64 - os mismatch
Skip installing @effect/tsgo-darwin-x64 - cpu & os mismatch
Skip installing @effect/tsgo-linux-arm - cpu mismatch
Skip installing @effect/tsgo-linux-x64 - cpu mismatch
Skip installing @effect/tsgo-win32-arm64 - os mismatch
Skip installing @effect/tsgo-win32-x64 - cpu & os mismatch
Skip installing @oxfmt/binding-android-arm-eabi - cpu & os mismatch
Skip installing @oxfmt/binding-android-arm64 - os mismatch
Skip installing @oxfmt/binding-darwin-arm64 - os mismatch
Skip installing @oxfmt/binding-darwin-x64 - cpu & os mismatch
Skip installing @oxfmt/binding-freebsd-x64 - cpu & os mismatch
Skip installing @oxfmt/binding-linux-arm-gnueabihf - cpu mismatch
Skip installing @oxfmt/binding-linux-arm-musleabihf - cpu mismatch
Skip installing @oxfmt/binding-linux-ppc64-gnu - cpu mismatch
Skip installing @oxfmt/binding-linux-riscv64-gnu - cpu mismatch
Skip installing @oxfmt/binding-linux-riscv64-musl - cpu mismatch
Skip installing @oxfmt/binding-linux-s390x-gnu - cpu mismatch
Skip installing @oxfmt/binding-linux-x64-gnu - cpu mismatch
Skip installing @oxfmt/binding-linux-x64-musl - cpu mismatch
Skip installing @oxfmt/binding-openharmony-arm64 - os mismatch
Skip installing @oxfmt/binding-win32-arm64-msvc - os mismatch
Skip installing @oxfmt/binding-win32-ia32-msvc - cpu & os mismatch
Skip installing @oxfmt/binding-win32-x64-msvc - cpu & os mismatch
Skip installing @oxlint/binding-android-arm-eabi - cpu & os mismatch
Skip installing @oxlint/binding-android-arm64 - os mismatch
Skip installing @oxlint/binding-darwin-arm64 - os mismatch
Skip installing @oxlint/binding-darwin-x64 - cpu & os mismatch
Skip installing @oxlint/binding-freebsd-x64 - cpu & os mismatch
Skip installing @oxlint/binding-linux-arm-gnueabihf - cpu mismatch
Skip installing @oxlint/binding-linux-arm-musleabihf - cpu mismatch
Skip installing @oxlint/binding-linux-ppc64-gnu - cpu mismatch
Skip installing @oxlint/binding-linux-riscv64-gnu - cpu mismatch
Skip installing @oxlint/binding-linux-riscv64-musl - cpu mismatch
Skip installing @oxlint/binding-linux-s390x-gnu - cpu mismatch
Skip installing @oxlint/binding-linux-x64-gnu - cpu mismatch
Skip installing @oxlint/binding-linux-x64-musl - cpu mismatch
Skip installing @oxlint/binding-openharmony-arm64 - os mismatch
Skip installing @oxlint/binding-win32-arm64-msvc - os mismatch
Skip installing @oxlint/binding-win32-ia32-msvc - cpu & os mismatch
Skip installing @oxlint/binding-win32-x64-msvc - cpu & os mismatch
Skip installing @oxlint-tsgolint/darwin-arm64 - os mismatch
Skip installing @oxlint-tsgolint/darwin-x64 - cpu & os mismatch
Skip installing @oxlint-tsgolint/linux-x64 - cpu mismatch
Skip installing @oxlint-tsgolint/win32-arm64 - os mismatch
Skip installing @oxlint-tsgolint/win32-x64 - cpu & os mismatch
Skip installing @typescript/typescript-aix-ppc64 - cpu & os mismatch
Skip installing @typescript/typescript-darwin-arm64 - os mismatch
Skip installing @typescript/typescript-darwin-x64 - cpu & os mismatch
Skip installing @typescript/typescript-freebsd-arm64 - os mismatch
Skip installing @typescript/typescript-freebsd-x64 - cpu & os mismatch
Skip installing @typescript/typescript-linux-arm - cpu mismatch
Skip installing @typescript/typescript-linux-loong64 - cpu mismatch
Skip installing @typescript/typescript-linux-mips64el - cpu mismatch
Skip installing @typescript/typescript-linux-ppc64 - cpu mismatch
Skip installing @typescript/typescript-linux-riscv64 - cpu mismatch
Skip installing @typescript/typescript-linux-s390x - cpu mismatch
Skip installing @typescript/typescript-linux-x64 - cpu mismatch
Skip installing @typescript/typescript-netbsd-arm64 - os mismatch
Skip installing @typescript/typescript-netbsd-x64 - cpu & os mismatch
Skip installing @typescript/typescript-openbsd-arm64 - os mismatch
Skip installing @typescript/typescript-openbsd-x64 - cpu & os mismatch
Skip installing @typescript/typescript-sunos-x64 - cpu & os mismatch
Skip installing @typescript/typescript-win32-arm64 - os mismatch
Skip installing @typescript/typescript-win32-x64 - cpu & os mismatch
Skip installing @msgpackr-extract/msgpackr-extract-darwin-arm64 - os mismatch
Skip installing @msgpackr-extract/msgpackr-extract-darwin-x64 - cpu & os mismatch
Skip installing @msgpackr-extract/msgpackr-extract-linux-arm - cpu mismatch
Skip installing @msgpackr-extract/msgpackr-extract-linux-x64 - cpu mismatch
Skip installing @msgpackr-extract/msgpackr-extract-win32-x64 - cpu & os mismatch
[Scripts] Starting scripts for "msgpackr-extract"
23 | var uv = (versions.uv || '').split('.')[0]
24 | 
25 | module.exports = load
26 | 
27 | function load (dir) {
28 |   return runtimeRequire(load.resolve(dir))
              ^
TypeError: The "id" argument must be of type string. Received undefined
 code: "ERR_INVALID_ARG_TYPE"

      at load (/workspaces/verify-pr40063/node_modules/node-gyp-build-optional-packages/node-gyp-build.js:28:10)
      at <anonymous> (/workspaces/verify-pr40063/node_modules/node-gyp-build-optional-packages/build-test.js:19:6)

Bun v1.4.0 (Linux arm64)

The failure above indicates the primary issue with the native builds which are included for all major platforms. Will now attempt to build the package locally in case this can be resolved by re-compiling.
gyp info it worked if it ends with ok
gyp info using node-gyp@13.0.1
gyp info using node@26.3.0 | linux | arm64
gyp ERR! find Python 
gyp ERR! find Python --python was not set on the command line
gyp ERR! find Python Python is not set from environment variable PYTHON
gyp ERR! find Python checking if "python3" can be used
gyp ERR! find Python - executable path is ""
gyp ERR! find Python - "" could not be run
gyp ERR! find Python checking if "python" can be used
gyp ERR! find Python - executable path is ""
gyp ERR! find Python - "" could not be run
gyp ERR! find Python 
gyp ERR! find Python **********************************************************
gyp ERR! find Python You need to install the latest version of Python.
gyp ERR! find Python Node-gyp should be able to find and use Python. If not,
gyp ERR! find Python you can try one of the following options:
gyp ERR! find Python - Use the switch --python="/path/to/pythonexecutable"
gyp ERR! find Python (accepted by both node-gyp and npm)
gyp ERR! find Python - Set the environment variable PYTHON
gyp ERR! find Python For more information consult the documentation at:
gyp ERR! find Python https://github.com/nodejs/node-gyp#installation
gyp ERR! find Python **********************************************************
gyp ERR! find Python 
gyp ERR! configure error 
gyp ERR! stack Error: Could not find any Python installation to use
gyp ERR! stack at fail (/tmp/bunx-1000-node-gyp@latest/node_modules/node-gyp/lib/find-python.js:300:15)
gyp ERR! stack at async configure (/tmp/bunx-1000-node-gyp@latest/node_modules/node-gyp/lib/configure.js:27:24)
gyp ERR! stack at async run (/tmp/bunx-1000-node-gyp@latest/node_modules/node-gyp/bin/node-gyp.js:81:46)
gyp ERR! stack at processTicksAndRejections (native:7:39)
gyp ERR! System Linux 7.0.14-orbstack-00380-ga7e0a2dc9535
gyp ERR! command "/usr/local/bin/bun" "/tmp/bunx-1000-node-gyp@latest/node_modules/.bin/node-gyp" "rebuild"
gyp ERR! cwd /workspaces/verify-pr40063/node_modules/msgpackr-extract
gyp ERR! node -v v26.3.0
gyp ERR! node-gyp -v v13.0.1
gyp ERR! $npm_package_name msgpackr-extract
gyp ERR! $npm_package_version 3.0.4
gyp ERR! not ok 
warn: deleting optional dependency 'msgpackr-extract' due to failed 'install' script

-- BEGIN SHA512/256(`${alphabetize(name)}@${order(version)}`) --
@effect/experimental@0.61.1
@effect/language-service@0.87.2
@effect/platform@0.97.1
@effect/tsgo@0.36.5
@effect/tsgo-darwin-arm64@0.36.5
@effect/tsgo-darwin-x64@0.36.5
@effect/tsgo-linux-arm@0.36.5
@effect/tsgo-linux-arm64@0.36.5
@effect/tsgo-linux-x64@0.36.5
@effect/tsgo-win32-arm64@0.36.5
@effect/tsgo-win32-x64@0.36.5
@msgpackr-extract/msgpackr-extract-darwin-arm64@3.0.4
@msgpackr-extract/msgpackr-extract-darwin-x64@3.0.4
@msgpackr-extract/msgpackr-extract-linux-arm@3.0.4
@msgpackr-extract/msgpackr-extract-linux-arm64@3.0.4
@msgpackr-extract/msgpackr-extract-linux-x64@3.0.4
@msgpackr-extract/msgpackr-extract-win32-x64@3.0.4
@oxfmt/binding-android-arm-eabi@0.64.0
@oxfmt/binding-android-arm64@0.64.0
@oxfmt/binding-darwin-arm64@0.64.0
@oxfmt/binding-darwin-x64@0.64.0
@oxfmt/binding-freebsd-x64@0.64.0
@oxfmt/binding-linux-arm-gnueabihf@0.64.0
@oxfmt/binding-linux-arm-musleabihf@0.64.0
@oxfmt/binding-linux-arm64-gnu@0.64.0
@oxfmt/binding-linux-arm64-musl@0.64.0
@oxfmt/binding-linux-ppc64-gnu@0.64.0
@oxfmt/binding-linux-riscv64-gnu@0.64.0
@oxfmt/binding-linux-riscv64-musl@0.64.0
@oxfmt/binding-linux-s390x-gnu@0.64.0
@oxfmt/binding-linux-x64-gnu@0.64.0
@oxfmt/binding-linux-x64-musl@0.64.0
@oxfmt/binding-openharmony-arm64@0.64.0
@oxfmt/binding-win32-arm64-msvc@0.64.0
@oxfmt/binding-win32-ia32-msvc@0.64.0
@oxfmt/binding-win32-x64-msvc@0.64.0
@oxlint-tsgolint/darwin-arm64@7.0.2001
@oxlint-tsgolint/darwin-x64@7.0.2001
@oxlint-tsgolint/linux-arm64@7.0.2001
@oxlint-tsgolint/linux-x64@7.0.2001
@oxlint-tsgolint/win32-arm64@7.0.2001
@oxlint-tsgolint/win32-x64@7.0.2001
@oxlint/binding-android-arm-eabi@1.78.0
@oxlint/binding-android-arm64@1.78.0
@oxlint/binding-darwin-arm64@1.78.0
@oxlint/binding-darwin-x64@1.78.0
@oxlint/binding-freebsd-x64@1.78.0
@oxlint/binding-linux-arm-gnueabihf@1.78.0
@oxlint/binding-linux-arm-musleabihf@1.78.0
@oxlint/binding-linux-arm64-gnu@1.78.0
@oxlint/binding-linux-arm64-musl@1.78.0
@oxlint/binding-linux-ppc64-gnu@1.78.0
@oxlint/binding-linux-riscv64-gnu@1.78.0
@oxlint/binding-linux-riscv64-musl@1.78.0
@oxlint/binding-linux-s390x-gnu@1.78.0
@oxlint/binding-linux-x64-gnu@1.78.0
@oxlint/binding-linux-x64-musl@1.78.0
@oxlint/binding-openharmony-arm64@1.78.0
@oxlint/binding-win32-arm64-msvc@1.78.0
@oxlint/binding-win32-ia32-msvc@1.78.0
@oxlint/binding-win32-x64-msvc@1.78.0
@standard-schema/spec@1.1.0
@types/bun@1.4.0
@types/node@26.2.0
@typescript/typescript-aix-ppc64@7.0.2
@typescript/typescript-darwin-arm64@7.0.2
@typescript/typescript-darwin-x64@7.0.2
@typescript/typescript-freebsd-arm64@7.0.2
@typescript/typescript-freebsd-x64@7.0.2
@typescript/typescript-linux-arm@7.0.2
@typescript/typescript-linux-arm64@7.0.2
@typescript/typescript-linux-loong64@7.0.2
@typescript/typescript-linux-mips64el@7.0.2
@typescript/typescript-linux-ppc64@7.0.2
@typescript/typescript-linux-riscv64@7.0.2
@typescript/typescript-linux-s390x@7.0.2
@typescript/typescript-linux-x64@7.0.2
@typescript/typescript-netbsd-arm64@7.0.2
@typescript/typescript-netbsd-x64@7.0.2
@typescript/typescript-openbsd-arm64@7.0.2
@typescript/typescript-openbsd-x64@7.0.2
@typescript/typescript-sunos-x64@7.0.2
@typescript/typescript-win32-arm64@7.0.2
@typescript/typescript-win32-x64@7.0.2
bun-types@1.4.0
detect-libc@2.1.2
effect@4.0.0-rc.111
fast-check@4.9.0
find-my-way-ts@0.1.6
msgpackr@1.12.1
msgpackr@2.0.5
msgpackr-extract@3.0.4
multipasta@0.2.8
node-gyp-build-optional-packages@5.2.2
oxfmt@0.64.0
oxlint@1.78.0
oxlint-tsgolint@7.0.2001
pure-rand@8.4.2
tinypool@2.1.0
typescript@7.0.2
undici-types@8.3.0
uuid@11.1.1

-- BEGIN SCRIPTS --
prepare: effect-tsgo patch --typescript --oxlint && printf '#!/usr/bin/env sh\nexec bun "$@"\n' > node_modules/.bin/node && chmod +x node_modules/.bin/node

-- END SCRIPTS --
-- END HASH--
Saved lockfile

[Scripts] Starting scripts for "verify-pr40063"
$ effect-tsgo patch --typescript --oxlint && printf '#!/usr/bin/env sh\nexec bun "$@"\n' > node_modules/.bin/node && chmod +x node_modules/.bin/node
Patched typescript at /workspaces/verify-pr40063/node_modules/@typescript/typescript-linux-arm64/lib/tsc
Patched oxlint at /workspaces/verify-pr40063/node_modules/@oxlint/binding-linux-arm64-gnu/oxlint.linux-arm64-gnu.node
Patched oxlint-dts at /workspaces/verify-pr40063/node_modules/oxlint/dist/index.d.ts
Patched oxlint-tsgolint at /workspaces/verify-pr40063/node_modules/@oxlint-tsgolint/linux-arm64/tsgolint
[Scripts] Finished scripts for "verify-pr40063"

+ @effect/language-service@0.87.2
+ @effect/tsgo@0.36.5
+ @types/bun@1.4.0
+ oxfmt@0.64.0
+ oxlint@1.78.0 (v1.79.0 available)
+ oxlint-tsgolint@7.0.2001
+ typescript@7.0.2
+ @effect/experimental@0.61.1
+ effect@4.0.0-rc.111

33 packages installed [370.29s]
